Name,Sex,Origin
Fozie,F,Uknown
Estoria,F,Uknown
Alzada,F,Uknown
Epsie,F,Uknown
Oppie,F,Uknown
Rozia,F,Uknown
Rozie,F,Uknown
Louelle,F,Uknown
Blossie,F,Uknown
Clevie,F,Uknown
Cola,F,Italian
Elvera,F,German
Lutrelle,F,Uknown
Marylee,F,Latin
Ludell,F,Uknown
Beddie,F,Uknown
Equilla,F,Uknown
Jurell,F,Uknown
Liller,F,Uknown
Verdelle,F,Uknown
Ezma,F,Uknown
Bertice,F,Uknown
Para,F,Uknown
Madell,F,Uknown
Berma,F,Uknown
Aliene,F,Uknown
Virdell,F,Uknown
Loette,F,Uknown
Faustine,F,Latin
Marrion,F,Uknown
Mertice,F,Latin
Othella,F,Uknown
Rebie,F,Uknown
Mertis,F,Latin
Areatha,F,Uknown
Genelle,F,Uknown
Reaver,F,Uknown
Arsie,F,Uknown
Lonia,F,Uknown
Margene,F,Uknown
Ommie,F,Uknown
Everlyn,F,Uknown
Luretha,F,Uknown
Coretha,F,Uknown
Floyce,F,Uknown
Jerusha,F,Hebrew
Francie,F,Latin
Waver,F,Uknown
Vernease,F,Uknown
Rethel,F,Uknown
Merline,F,French
Oveline,F,Uknown
France,F,Latin
Winnell,F,Uknown
Wanell,F,Uknown
Elene,F,Greek
Algia,F,Uknown
Reathel,F,Uknown
Annett,F,British
Dartha,F,Uknown
Matline,F,Uknown
Ellean,F,Uknown
Wylean,F,Uknown
Jenette,F,Scottish
Lanora,F,Greek
Wonnie,F,Uknown
Gennell,F,Uknown
Melvis,F,Uknown
Caldonia,F,Uknown
Gaile,F,Hebrew
Jenell,F,Latin
Sheryll,F,Greek
Waltina,F,Latin
Racine,F,Uknown
Jeannett,F,Uknown
Linder,F,German
Voncille,F,Uknown
Sherilyn,F,American
Nancey,F,Hebrew
Jeryl,F,British
Calamity,F,Uknown
Sherion,F,Uknown
Theresia,F,Greek
Evone,F,Uknown
Joellen,F,French
Renna,F,Latin
Eydie,F,British
Cherlyn,F,Greek
Viki,F,Latin
Bridgitte,F,Gaelic
Jacqualine,F,French
Chrissie,F,Latin
Yvonnie,F,Uknown
Deeann,F,British
Samanthia,F,Uknown
Alfreida,F,Uknown
Detria,F,Greek
Meshell,F,Uknown
Sharolyn,F,Hebrew
Audery,F,Uknown
Lorenda,F,Uknown
Songa,F,Uknown
Angila,F,Greek
Dodie,F,Hebrew
Valecia,F,Uknown
Angla,F,Greek
Deirdra,F,Irish
Dodi,F,Hebrew
Felice,F,Latin
Marica,F,Uknown
Sherlonda,F,Uknown
Cutina,F,Uknown
Tita,F,Mexican
Meri,F,Uknown
Katrinia,F,Uknown
Saketha,F,Uknown
Veronique,F,Latin
Cicily,F,Welsh
Demetrica,F,Uknown
Seandra,F,Uknown
Amiee,F,Latin
Radiah,F,Uknown
Tesa,F,Greek
Lakeisa,F,Uknown
Monifa,F,Uknown
Quovadis,F,Uknown
Daffney,F,Uknown
Latrica,F,Uknown
Mendi,F,Uknown
Pebbles,F,Uknown
Tamicka,F,Uknown
Anetra,F,Uknown
Akina,F,Uknown
Shekina,F,Uknown
Tangee,F,Uknown
Vontresa,F,Uknown
Katasha,F,American
Kina,F,Hawaiian
Lakeeta,F,Uknown
Lakessa,F,Uknown
Nafeesah,F,Uknown
Prescilla,F,Latin
Shanica,F,Uknown
Tameko,F,Uknown
Jamilia,F,Arabic
Lameka,F,Uknown
Marinda,F,Latin
Saprina,F,Uknown
Tamecia,F,Uknown
Tangi,F,Uknown
Akeisha,F,Uknown
Aqueelah,F,Uknown
Denika,F,Uknown
Shwanda,F,Uknown
Tanzania,F,Uknown
Yolando,F,Uknown
Santresa,F,Uknown
Renota,F,Uknown
Aneesah,F,Uknown
Brittania,F,Latin
Chisa,F,Uknown
Latrece,F,Uknown
Reena,F,Latin
Shandria,F,Uknown
Tashika,F,Uknown
Shambrica,F,Uknown
Casi,F,Irish
Lavita,F,Uknown
Merideth,F,Welsh
Nikesha,F,Uknown
Nikiya,F,Uknown
Yoshida,F,Uknown
Sharonica,F,Uknown
Micole,F,Hebrew
Montoya,F,Uknown
Peaches,F,Uknown
Tifany,F,Uknown
Tiffeny,F,Greek
Yalanda,F,Uknown
Sherese,F,French
Kawanda,F,Uknown
Chenoa,F,Uknown
Kewanna,F,Uknown
Lotoya,F,Uknown
Sharanda,F,Uknown
Tameisha,F,Uknown
Zaneta,F,Spanish
Letrice,F,Uknown
Nastassja,F,Latin
Niketa,F,Uknown
Jamillah,F,Arabic
Lashuna,F,Uknown
Sheronica,F,Uknown
Tova,F,Swedish
Yasheka,F,Uknown
Mallary,F,French
Shetara,F,Uknown
Ambur,F,Arabic
Chardae,F,Uknown
Cherrell,F,Greek
Latrese,F,Uknown
Conchetta,F,Uknown
Nisha,F,Indian
Shakendra,F,Uknown
Delaina,F,French
Kenyana,F,Uknown
Laquishia,F,Uknown
Lashanta,F,Uknown
Roshunda,F,Uknown
Sherina,F,Uknown
Camillia,F,Latin
Donielle,F,Italian
Laquanta,F,Uknown
Stasha,F,Greek
Sentoria,F,Uknown
Shadae,F,Uknown
Shakeena,F,American
Keandrea,F,Uknown
Britnie,F,Uknown
Jesseca,F,Hebrew
Brittiney,F,Latin
Bryttani,F,Latin
Carlissa,F,German
Latifa,F,Latin
Leeanne,F,British
Terria,F,Uknown
Taneika,F,Uknown
Carlisa,F,German
Keneshia,F,Uknown
Shakari,F,Uknown
Kasha,F,Uknown
Markie,F,Greek
Ariell,F,Hebrew
Bricola,F,Uknown
Keaundra,F,American
Lamesha,F,Uknown
Roderica,F,German
Shantika,F,Uknown
Rebeccah,F,Hebrew
Teneisha,F,Uknown
Wachovia,F,Uknown
Arika,F,Norse
Jaleisa,F,Uknown
Jalesia,F,Uknown
Shanekia,F,Uknown
Shanekqua,F,Uknown
Sharaine,F,Uknown
Sharnae,F,Uknown
Tayana,F,Uknown
Deaundra,F,Uknown
Demonica,F,Uknown
Lyssa,F,Latin
Shanikqua,F,Uknown
Shauntia,F,Uknown
Katey,F,Greek
Ceirra,F,Uknown
Dandrea,F,Uknown
Jaquisha,F,Uknown
Kadeshia,F,Uknown
Karisa,F,Latin
Quinesha,F,Uknown
Santrice,F,Uknown
Shakerra,F,Uknown
Shambria,F,Uknown
Shamonica,F,Uknown
Shandricka,F,Uknown
Troi,F,Irish
Ajee,F,Uknown
Daneisha,F,Uknown
Kadeidra,F,Uknown
Tameria,F,Uknown
Chasmine,F,Uknown
Karima,F,Arabic
Kiyanna,F,Uknown
Nicosha,F,Uknown
Quatesha,F,Uknown
Natori,F,Japanese
Antania,F,Uknown
Derika,F,Uknown
Jori,F,Hebrew
Arnisha,F,American
Breyona,F,Uknown
Brieana,F,Uknown
Miaya,F,Uknown
Shakeyra,F,Uknown
Shaquandra,F,Uknown
Tiandra,F,Russian
Idalis,F,Uknown
Aungelique,F,Uknown
Elantra,F,Uknown
Kenyanna,F,Uknown
Lynzee,F,British
Maisha,F,Arabic
Andrianna,F,Greek
Marleni,F,German
Shonteria,F,Uknown
Akila,F,Latin
Allexus,F,Uknown
Breaunna,F,Uknown
Natoria,F,Uknown
Shaterria,F,Uknown
Shonterria,F,Uknown
Timara,F,Uknown
Alexas,F,Uknown
Niara,F,Uknown
Shaquira,F,Uknown
Aurion,F,Uknown
Caitlen,F,Greek
Chika,F,Japanese
Daejah,F,Uknown
Ladaisha,F,Uknown
Niaya,F,Uknown
Ronisha,F,British
Antoria,F,Uknown
Shykemmia,F,Uknown
Destyne,F,Uknown
Tamaria,F,Uknown
Brina,F,Slavic
Cana,F,Uknown
Cherith,F,Uknown
Dayja,F,Uknown
Deashia,F,Uknown
Halli,F,Uknown
Janautica,F,Uknown
Kiarah,F,Uknown
Nasia,F,Hebrew
Siani,F,Uknown
Tymia,F,Uknown
Iyanla,F,Uknown
Margeaux,F,French
Tykira,F,Uknown
Amunet,F,Uknown
Daisia,F,Uknown
Ileana,F,Hebrew
Joia,F,Latin
Jonelle,F,Hebrew
Shacoria,F,Uknown
Tyresha,F,Uknown
Zaynah,F,Greek
Nakaya,F,Uknown
Andreanna,F,Greek
Dayjah,F,Uknown
Deijah,F,Uknown
Deysy,F,Uknown
Emya,F,Uknown
Jaala,F,Uknown
Kanaya,F,Uknown
Keambria,F,Uknown
Kierston,F,Uknown
Markesia,F,Uknown
Mccall,F,Uknown
Myrka,F,Uknown
Nayelly,F,Uknown
Nyja,F,Uknown
Tiye,F,Uknown
Zanaya,F,Uknown
Ashanta,F,Ghanaian
Jnaya,F,Uknown
Aalliyah,F,Uknown
Ajanae,F,Uknown
Brelyn,F,Uknown
Briyanna,F,Uknown
Faiza,F,Arabic
Jakaya,F,Uknown
Jamyiah,F,Uknown
Marykathryn,F,Uknown
Nyirah,F,Uknown
Rashel,F,Uknown
Shanti,F,Indian
Rakiya,F,Uknown
Tyliah,F,Uknown
Asharia,F,Uknown
Eniya,F,Uknown
Nahriah,F,Uknown
Banesa,F,Uknown
Lakiya,F,Uknown
Nayzeth,F,Uknown
Quaniya,F,Uknown
Rosaura,F,Latin
Samaiya,F,Uknown
Shanyah,F,Uknown
Tamyah,F,Uknown
Trenyce,F,Uknown
Yosselin,F,Uknown
Seleste,F,Latin
Tylah,F,Uknown
Anecia,F,Uknown
Anisah,F,Arabic
Cinthya,F,Greek
Makyia,F,Uknown
Michiah,F,Uknown
Oluwatamilore,F,Uknown
Omaria,F,Uknown
Shaye,F,Gaelic
Tatiyanna,F,Uknown
Tylia,F,Uknown
Xitlali,F,Uknown
Teairra,F,Uknown
Analiese,F,Latin
Annakate,F,Uknown
Semira,F,Hebrew
Takhia,F,Uknown
Ashira,F,Hebrew
Betsabe,F,Uknown
Erionna,F,Uknown
Jakaria,F,Uknown
Jaquitta,F,Uknown
Mansi,F,Uknown
Nayelli,F,Uknown
Nely,F,Uknown
Rut,F,Uknown
Samanta,F,Uknown
Zykiria,F,Uknown
Shariah,F,Uknown
Amberleigh,F,Arabic
Kanya,F,Uknown
Lamaya,F,Uknown
Sury,F,Uknown
Tariah,F,Uknown
Zahira,F,Arabic
Alyah,F,Uknown
Britten,F,Latin
Chania,F,Hebrew
Llana,F,Uknown
Mea,F,Scandinavian
Mychaela,F,Hebrew
Samoria,F,Uknown
Shanyla,F,Uknown
Syriana,F,Uknown
Yelitza,F,Uknown
Jeniah,F,Uknown
Kemiya,F,Uknown
Sakari,F,Uknown
Eniyah,F,Uknown
Keyri,F,Uknown
Betsaida,F,Uknown
Jaleya,F,Uknown
Jniya,F,Uknown
Keelin,F,Irish
Kelise,F,Celtic
Lejla,F,Uknown
Mikiya,F,Uknown
Rosy,F,Latin
Sameria,F,Uknown
Vianney,F,Uknown
Zykierra,F,Uknown
Deajah,F,Uknown
Iyannah,F,Uknown
Jamayah,F,Uknown
Kameria,F,Uknown
Makyah,F,Uknown
Amarachi,F,Uknown
Angelin,F,Uknown
Asucena,F,Arabic
Dayanira,F,Spanish
Deniyah,F,Uknown
Desiray,F,Uknown
Hanan,F,Hebrew
Jakerria,F,Uknown
Jazlene,F,Uknown
Kalissa,F,American
Kamariah,F,Uknown
Keilly,F,Uknown
Larsen,F,Scandinavian
Masiya,F,Uknown
Ndeye,F,Uknown
October,F,Latin
Rhyanna,F,Uknown
Torianna,F,Uknown
Ziah,F,Uknown
Zowie,F,Uknown
Zyah,F,Uknown
Auriana,F,Latin
Alayja,F,Uknown
Elida,F,Mexican
Victory,F,Latin
Abree,F,Hebrew
Adithi,F,Uknown
Calissa,F,Latin
Chrislyn,F,Uknown
Jadasia,F,Uknown
Janaria,F,Uknown
Kemaya,F,Uknown
Shaylah,F,Irish
Syriah,F,Uknown
Yocelyn,F,Uknown
Zoei,F,Uknown
Rayanna,F,British
Ahmani,F,Uknown
Aniyla,F,Uknown
Ramiya,F,Uknown
Shaylyn,F,Gaelic
Aleigh,F,Uknown
Evyn,F,Welsh
Joyanna,F,Latin
Kensie,F,Uknown
Raphaella,F,Hebrew
Veronika,F,Latin
Shariyah,F,Uknown
Alaila,F,Uknown
Courtlynn,F,Uknown
Cristel,F,Latin
Davionna,F,Uknown
Jasiya,F,Uknown
Bayla,F,British
Aleya,F,Uknown
Derrianna,F,Uknown
Fia,F,Portuguese
Iniya,F,Uknown
Jaymee,F,Spanish
Josselin,F,Uknown
Khyli,F,Uknown
Lazaria,F,Uknown
Maryella,F,Uknown
Mattilyn,F,Uknown
Shanik,F,Uknown
Swayze,F,Uknown
Janney,F,Uknown
Alayjah,F,Uknown
Caelynn,F,Uknown
Lilee,F,Uknown
Mahari,F,Uknown
Orianna,F,Latin
Skyleigh,F,Uknown
Aalia,F,Australian
Aissatou,F,Uknown
Aubre,F,German
Janayla,F,Uknown
Makenlee,F,Uknown
Ranya,F,Uknown
Saya,F,Uknown
Ayelen,F,Uknown
Anamaria,F,Hebrew
Brenlee,F,American
Chyann,F,Uknown
Karmin,F,Hebrew
Kinzie,F,Scottish
Lyrical,F,Uknown
Oluwadarasimi,F,Uknown
Rion,F,Gaelic
Solyana,F,Uknown
Tahari,F,Uknown
Tamryn,F,Hebrew
Telia,F,Uknown
Jaide,F,British
Kenzington,F,Uknown
Alyric,F,Uknown
Armonii,F,Uknown
Cynne,F,Uknown
Dhriti,F,Uknown
Ezri,F,Hebrew
Marlaysia,F,Uknown
Shalom,F,Hebrew
Averly,F,Uknown
Brecklyn,F,Uknown
Kaloni,F,Hawaiian
Loghan,F,Uknown
Ave,F,Latin
Callaway,F,Uknown
Chiamaka,F,Uknown
Jalyssa,F,Uknown
Kalila,F,Arabic
Leeana,F,Uknown
Livi,F,Uknown
Macyn,F,Uknown
Makinzie,F,Uknown
Marleny,F,Uknown
Mirabel,F,Latin
Tariyah,F,Uknown
Yuritzi,F,Uknown
Jailee,F,Uknown
Aaria,F,Uknown
Girl,F,Uknown
Kilani,F,Uknown
Tinleigh,F,Uknown
Calani,F,Uknown
Delina,F,German
Dnyla,F,Uknown
Henlee,F,British
Henslee,F,Uknown
Kalena,F,Slavic
Laiyla,F,Uknown
Loxley,F,Uknown
Maebry,F,Uknown
Maloni,F,Uknown
Weslynn,F,Uknown
Xyla,F,Greek
Aloni,F,Uknown
Alizah,F,Hebrew
Annalia,F,Uknown
Azuri,F,Uknown
Chimamanda,F,Uknown
Fynlee,F,Uknown
Mei,F,Chinese
Adaly,F,Uknown
Alayiah,F,Uknown
Brinsley,F,Uknown
Dariyah,F,Uknown
Eliette,F,Hebrew
Evana,F,Greek
Jesslynn,F,Hebrew
Kollins,F,Uknown
Laiya,F,Uknown
Lelani,F,Hawaiian
Makylah,F,Uknown
Mckynlee,F,Uknown
Myrah,F,Greek
Nur,F,Aramaic
Raiya,F,Uknown
Royalti,F,Uknown
Sarenity,F,Uknown
Teigen,F,Irish
Tiaraoluwa,F,Uknown
Yani,F,Uknown
Yariah,F,Uknown
Honest,F,Uknown
Jahlani,F,Uknown
Kiyomi,F,Japanese
Mehlani,F,Uknown
Arisbeth,F,Uknown
Chizara,F,Uknown
Dalani,F,Uknown
Divinity,F,Uknown
Dynver,F,Uknown
Eliyah,F,Uknown
Emmerie,F,Uknown
Jiyah,F,Uknown
Kassidi,F,Irish
Kior,F,Uknown
Klani,F,Uknown
Krislynn,F,American
Nami,F,Uknown
Nessa,F,Greek
Nyima,F,Uknown
Primrose,F,British
Sari,F,Hebrew
Swara,F,Uknown
Yalitza,F,Uknown
Zalaya,F,Uknown
Zaylah,F,Uknown
Agnew,M,Uknown
Thelmon,M,Uknown
Willy,M,German
Broughton,M,British
Etheridge,M,Uknown
Loney,M,Uknown
Lenzy,M,Uknown
Ethridge,M,Uknown
Alto,M,Latin
Bunyan,M,French
Oswell,M,German
Herchel,M,Uknown
Seabron,M,Uknown
Cosby,M,Uknown
Deforest,M,British
Addis,M,Hebrew
Curry,M,Irish
Mathews,M,Uknown
Seals,M,Uknown
Reubin,M,Hebrew
Eligh,M,Uknown
Eustace,M,Greek
Phinizy,M,Uknown
Pope,M,Greek
Summie,M,Uknown
Thelman,M,Uknown
Doy,M,Uknown
Pledger,M,Uknown
Cloud,M,British
Hansell,M,Uknown
Lugene,M,Uknown
Ulysess,M,Uknown
Harwell,M,British
Lamon,M,Uknown
Quillie,M,Uknown
Asberry,M,Uknown
Mather,M,British
Dupree,M,French
Sid,M,British
Arthor,M,Celtic
Warnell,M,Uknown
Jc,M,Uknown
Wymon,M,Uknown
Barnett,M,British
Duglas,M,Uknown
Purvis,M,French
Mcclinton,M,Uknown
Kimsey,M,Uknown
Lucky,M,American
Theartis,M,Uknown
Ulyssee,M,Uknown
Lonzy,M,Uknown
Merrell,M,British
Rochester,M,British
Guerry,M,Uknown
Flemming,M,British
Karry,M,Latin
Barnard,M,German
Bubba,M,German
Kervin,M,Irish
Kimothy,M,Uknown
Tal,M,Hebrew
Renwick,M,British
Darran,M,Irish
Arnie,M,Norse
Ladon,M,Uknown
Remus,M,Latin
Yves,M,French
Gergory,M,Uknown
Rustin,M,British
Timonthy,M,Uknown
Trevino,M,Uknown
Trampas,M,Uknown
Lerone,M,American
Chrisopher,M,Uknown
Horatio,M,Latin
Kennon,M,Irish
Savalas,M,Uknown
Romon,M,Uknown
Sheddrick,M,Uknown
Sherard,M,British
Bucky,M,American
Tavare,M,Uknown
Trampus,M,Uknown
Altonio,M,Uknown
Damein,M,Uknown
Kamau,M,Uknown
Monta,M,Uknown
Kawaski,M,Uknown
Marrio,M,Uknown
Quavis,M,Uknown
Tarrence,M,Latin
Nicholus,M,Uknown
Rodrigus,M,Uknown
Shadrick,M,Babylonian
Jenard,M,Uknown
Denard,M,Uknown
Trumaine,M,British
Dantavious,M,Uknown
Lanorris,M,Uknown
Perez,M,Hebrew
Cagney,M,Uknown
Demarrio,M,Uknown
Tavius,M,Uknown
Antwuan,M,Latin
Duran,M,Latin
Jarrel,M,British
Torris,M,Uknown
Cordera,M,Uknown
Dyron,M,Uknown
Sherrick,M,Uknown
Travaris,M,Uknown
Demarko,M,American
Sagar,M,Sanskrit
Quartez,M,Uknown
Jamarco,M,Uknown
Quinnton,M,British
Ralpheal,M,Uknown
Toddrick,M,Uknown
Travoris,M,Uknown
Cord,M,Spanish
Akeen,M,Uknown
Chadd,M,British
Corderius,M,Uknown
Mandela,M,Uknown
Javarus,M,Uknown
Chauncy,M,British
Hakim,M,Arabic
Lajarvis,M,Uknown
Tabias,M,Uknown
Tarrance,M,Latin
Xavius,M,Uknown
Zakkary,M,Uknown
Demetre,M,Uknown
Demon,M,Uknown
Detavious,M,Uknown
Donterrius,M,Uknown
Jestin,M,Welsh
Martinez,M,Uknown
Quan,M,Uknown
Ravi,M,Sanskrit
Steffan,M,Scandinavian
Tyrie,M,Uknown
Derico,M,Uknown
Jamerson,M,Uknown
Martice,M,Uknown
Oshay,M,Uknown
Randon,M,German
Rashamel,M,Uknown
Dearius,M,Uknown
Deyonta,M,Uknown
Dvante,M,Uknown
Johnta,M,Uknown
Deronte,M,Uknown
Jantzen,M,Scandinavian
Jawanza,M,Uknown
Jawara,M,Uknown
Jazz,M,American
Marquize,M,Uknown
Quinterius,M,Uknown
Gunter,M,German
Jarmarcus,M,Uknown
Montravius,M,Uknown
Oshea,M,Hebrew
Zerrick,M,Uknown
Quantavis,M,Uknown
Jerron,M,Hebrew
Jovante,M,Uknown
Trevonte,M,Uknown
Javaughn,M,American
Javious,M,Uknown
Latravious,M,Uknown
Nanya,M,Uknown
Marqavious,M,Uknown
Tiger,M,American
Demarquez,M,American
Calin,M,Greek
Jawuan,M,Uknown
Juwon,M,Uknown
Olajuwon,M,Uknown
Quindarrius,M,Uknown
Quintarious,M,Uknown
Quinterious,M,Uknown
Rodarius,M,Uknown
Tajuan,M,Uknown
Trevious,M,Uknown
Tyrelle,M,Uknown
Zyshonne,M,Uknown
Sabian,M,Uknown
Jujuan,M,Uknown
Uchenna,M,Uknown
Cartez,M,Uknown
Dashun,M,Uknown
Griffen,M,Latin
Jayland,M,Uknown
Zarek,M,Polish
Keivon,M,Uknown
Kevontae,M,Uknown
Alon,M,Hebrew
Blaize,M,Latin
Dathan,M,Hebrew
Jartavious,M,Uknown
Keldric,M,Uknown
Rosendo,M,Spanish
Servando,M,Uknown
Travonne,M,Uknown
Andru,M,Greek
Marko,M,Ukrainian
Dadrian,M,American
Kennan,M,Irish
Kohl,M,German
Osualdo,M,Uknown
Terez,M,Greek
Dontrez,M,Uknown
Ahmod,M,Arabic
Aakash,M,Uknown
Homero,M,Greek
Kamen,M,Uknown
Kelson,M,Uknown
Slater,M,British
Sulayman,M,Arabic
Kelijah,M,Uknown
Thai,M,Uknown
Trevian,M,British
Tyrel,M,Uknown
Vansh,M,Uknown
Aleczander,M,Uknown
Jaquarious,M,Uknown
Keontay,M,Uknown
Keyshun,M,Uknown
Marquavion,M,Uknown
Amarius,M,Uknown
Larson,M,Scandinavian
Avant,M,Uknown
Edwyn,M,British
Gabreil,M,Uknown
Hari,M,Sanskrit
Kendarious,M,Uknown
Arsh,M,Uknown
Norberto,M,German
Branton,M,British
Melik,M,Uknown
Cavan,M,Irish
Donivan,M,Uknown
Jakyri,M,Uknown
Jeyson,M,Uknown
Kelechi,M,Uknown
Khairi,M,Uknown
Machi,M,Uknown
Taysean,M,Uknown
Zachari,M,Uknown
Dayshaun,M,Uknown
Treyvion,M,Uknown
Makell,M,Uknown
Neftali,M,Hebrew
Quavion,M,Uknown
Shamarion,M,Uknown
Baylon,M,Uknown
Chazz,M,German
Jashun,M,Uknown
Jd,M,Uknown
Jermarion,M,Uknown
Kemontae,M,Uknown
Tremel,M,Uknown
Damontae,M,Uknown
Oluwatobi,M,Nigerian
Arnulfo,M,Spanish
Brayam,M,Uknown
Jabriel,M,Uknown
Jatavius,M,Uknown
Obinna,M,Uknown
Zamar,M,Uknown
Chaise,M,Uknown
Crispin,M,Latin
Dade,M,American
Davien,M,American
Geronimo,M,Italian
Kelin,M,Uknown
Kordae,M,Uknown
Mikai,M,Uknown
Mustapha,M,Arabic
Mychael,M,Hebrew
Saadiq,M,Uknown
Tarun,M,Sanskrit
Malachai,M,Hebrew
Jireh,M,Uknown
Adain,M,Uknown
Garin,M,Irish
Javarion,M,Uknown
Sandro,M,Greek
Adon,M,Hebrew
Aundre,M,Uknown
Derreon,M,Uknown
Jens,M,Scandinavian
Rayshaun,M,American
Yaakov,M,Hebrew
Mathieu,M,Hebrew
Aadi,M,Sanskrit
Laiden,M,Uknown
Abdoulaye,M,Uknown
Aidon,M,Uknown
Breyden,M,Uknown
Habib,M,Arabic
Keanthony,M,Uknown
Kvon,M,Uknown
Macario,M,Greek
Yosgart,M,Uknown
Neko,M,Uknown
Kortez,M,Spanish
Robel,M,Uknown
Zyquavious,M,Uknown
Jeremaih,M,Uknown
Jhonny,M,Uknown
Leandre,M,Greek
Moussa,M,Uknown
Bralyn,M,Uknown
Mouhamed,M,Uknown
Zac,M,Hebrew
Eh,M,Uknown
Favian,M,Latin
Izaac,M,Hebrew
Kaileb,M,Uknown
Prestyn,M,Uknown
Vadhir,M,Uknown
Xavian,M,Uknown
Aadyn,M,Uknown
Jamoni,M,Uknown
Whit,M,British
Yug,M,Uknown
Arath,M,Uknown
Brysun,M,Uknown
Fender,M,Uknown
Kaige,M,Uknown
Taylon,M,American
Pryce,M,French
Aziz,M,Arabic
Kaidon,M,Arabic
Braxston,M,Uknown
Rajveer,M,Uknown
Taevion,M,Uknown
Valen,M,Latin
Ilijah,M,Uknown
Abbott,M,British
Cheikh,M,Uknown
Jakye,M,Uknown
Kashmere,M,Uknown
Sohan,M,Sanskrit
Tylin,M,Uknown
Colden,M,British
Kamarri,M,Uknown
Kamrin,M,Scottish
Natan,M,Hebrew
Omere,M,Uknown
Saketh,M,Uknown
Fynn,M,Gaelic
Brigham,M,British
Leevi,M,Finnish
Mekhai,M,Uknown
Khyler,M,Uknown
Athan,M,Greek
Corvin,M,Latin
Eastin,M,Uknown
Keyan,M,Uknown
Lelan,M,Uknown
Mesiah,M,Uknown
Paden,M,British
Param,M,Uknown
Saxton,M,British
Sekou,M,Uknown
Khylen,M,Uknown
Aasir,M,Uknown
Kaizen,M,Uknown
Leviticus,M,Greek
Luqman,M,Uknown
Moksh,M,Uknown
Rich,M,German
Stellan,M,Uknown
Akshar,M,Uknown
Graceson,M,Uknown
Kallan,M,Scottish
Kyaire,M,Uknown
Lenin,M,Uknown
Lyon,M,French
Pharoah,M,Uknown
Reynolds,M,Latin
Sinan,M,Uknown
Xion,M,Uknown
Hero,M,Greek
Yohannes,M,Uknown
Artist,M,Uknown
Azaiah,M,Hebrew
Aziel,M,Uknown
Cashmere,M,Uknown
Chozen,M,Uknown
Ikenna,M,Uknown
Kamir,M,Uknown
Kasai,M,Uknown
Kasyn,M,Uknown
Mattias,M,Hebrew
Othniel,M,Hebrew
Yeison,M,Uknown
Zhaire,M,Uknown
Axell,M,Hebrew
Aylan,M,Uknown
Chief,M,Uknown
Dakhari,M,Uknown
Eesa,M,Uknown
Jah,M,Uknown
Jaice,M,British
Jasai,M,Uknown
Kingdom,M,Uknown
Knight,M,British
Mosiah,M,Hebrew
Timber,M,Uknown
Vikram,M,Uknown
Artha,F,Indian
Icy,F,Uknown
Mathilda,F,German
Offie,F,Uknown
Tevis,F,Irish
Ama,F,Ghanaian
Ample,F,Uknown
Evadean,F,Uknown
Odella,F,Hebrew
Ophia,F,Uknown
Vessie,F,Uknown
Captola,F,Uknown
Claris,F,Latin
Cloma,F,Uknown
Carmie,F,Hebrew
Lorella,F,Uknown
Morine,F,Irish
Orlena,F,French
Elba,F,German
Paulene,F,Latin
Genoa,F,Uknown
Georgene,F,Latin
Suda,F,Uknown
Antha,F,Uknown
Ethyl,F,British
Glendola,F,Uknown
Oneda,F,Uknown
Rosala,F,Uknown
Zelphia,F,Uknown
Genella,F,Uknown
Gathel,F,Uknown
Novice,F,Uknown
Patsie,F,Uknown
Joline,F,Hebrew
Lorain,F,French
Pheba,F,Greek
Morene,F,Irish
Emmogene,F,Uknown
Gypsy,F,British
Wyona,F,Uknown
Jennetta,F,Hebrew
Marilou,F,Welsh
Wanna,F,Spanish
Datha,F,Uknown
Clotene,F,Uknown
Loetta,F,Uknown
Lovella,F,British
Nadean,F,Uknown
Noretta,F,Uknown
Arbadella,F,Uknown
Noreta,F,Uknown
Norita,F,Uknown
Evalena,F,Uknown
Glada,F,Uknown
Rochella,F,German
Carlyon,F,Uknown
Ardith,F,Hebrew
Lindia,F,Uknown
Luana,F,Hawaiian
Devra,F,Hebrew
Jonda,F,Uknown
Devonna,F,British
Sherre,F,Uknown
Janene,F,Hebrew
Londa,F,Uknown
Julita,F,Latin
Bev,F,British
Kimberle,F,Uknown
Deronda,F,Uknown
Redonna,F,Uknown
Pollyanna,F,Uknown
Mischelle,F,Uknown
Tammara,F,Hebrew
Jeanene,F,Hebrew
Carolee,F,German
Stephannie,F,Greek
Melena,F,Uknown
Tarrah,F,Sanskrit
Billi,F,British
Donica,F,Italian
Delisha,F,Latin
Kirsti,F,Scottish
Corissa,F,Greek
Cheyenna,F,Uknown
Briann,F,Irish
Abbygale,F,Hebrew
Mashayla,F,Uknown
Callee,F,Greek
Jazzlynn,F,Uknown
Laynee,F,Uknown
Raegen,F,Uknown
Fatuma,F,Arabic
Paetyn,F,Uknown
Lynnox,F,Uknown
Averee,F,Uknown
Jessalynn,F,Hebrew
Laykin,F,Uknown
Jaclynn,F,American
Lakynn,F,Uknown
Shaylynn,F,Gaelic
Taylee,F,Uknown
Remmington,F,Uknown
Annlee,F,Uknown
Landri,F,Uknown
Corbit,M,British
Hargus,M,British
Lenvil,M,Uknown
Orel,M,Latin
Calloway,M,Uknown
Vencil,M,Uknown
Mont,M,Uknown
Audley,M,British
Custer,M,Uknown
Proctor,M,Latin
Warfield,M,British
Wavy,M,Uknown
Carless,M,Uknown
Kline,M,German
Orbie,M,Uknown
Tollie,M,Uknown
Urban,M,Latin
Merril,M,British
Humphrey,M,German
Selbert,M,Uknown
Stoy,M,Uknown
Bee,M,Latin
Ernst,M,German
Othel,M,Uknown
Ovel,M,Uknown
Rutherford,M,British
Strother,M,Uknown
Gardner,M,British
Herald,M,Uknown
Aloysius,M,German
Brack,M,Uknown
Drexel,M,Uknown
Arbie,M,Uknown
Birchel,M,Uknown
Ishmel,M,Uknown
Loman,M,Irish
Cleatus,M,Uknown
Cluster,M,Uknown
Lafe,M,Uknown
Lambert,M,German
Waldon,M,British
Moss,M,British
Browder,M,Uknown
Mat,M,Hebrew
Norton,M,German
Okley,M,Uknown
Louard,M,Uknown
Corbet,M,French
Wendel,M,German
Euel,M,Uknown
Elby,M,Uknown
Ermal,M,Uknown
Jearl,M,Modern
Kelso,M,Uknown
Edmon,M,British
Shafter,M,Uknown
Gaylord,M,French
Dorse,M,Uknown
Loyde,M,Welsh
Ermon,M,Uknown
Hillis,M,Uknown
Burnis,M,British
Clive,M,British
Forster,M,French
Jakie,M,Hebrew
Mearl,M,Uknown
Hulen,M,Uknown
Vernis,M,Latin
Mikey,M,Hebrew
Thimothy,M,Uknown
Michial,M,Uknown
Christophere,M,Uknown
Labradford,M,Uknown
Derrik,M,German
Caelin,M,Greek
Cambron,M,Uknown
Cayleb,M,Hebrew
Cainan,M,Uknown
Gavan,M,Welsh
Keagen,M,Irish
Tayten,M,Uknown
Brodee,M,Irish
Joesiah,M,Hebrew
Linkoln,M,Uknown
Janson,M,Scandinavian
Rhyder,M,Uknown
Suleyman,M,Arabic
Koleson,M,Uknown
Kam,M,Dutch
Thayer,M,British
Smithie,F,Uknown
Venie,F,Uknown
Sennie,F,Uknown
Monie,F,Uknown
Mazzie,F,Uknown
Cannie,F,Uknown
Clelia,F,Latin
Clyda,F,Uknown
Tamer,F,Uknown
Chessie,F,Slavic
Quessie,F,Uknown
Bedie,F,Uknown
Fonnie,F,Uknown
Missie,F,Greek
Nicy,F,Uknown
Rubell,F,Uknown
Ercell,F,Uknown
Lucielle,F,Uknown
Odelia,F,Hebrew
Eulala,F,Uknown
Maie,F,Uknown
Chanie,F,Uknown
Garnell,F,Uknown
Saddie,F,Uknown
Senora,F,Uknown
Willet,F,British
Clellie,F,Uknown
Adgie,F,Uknown
Malissie,F,Uknown
Velvie,F,Uknown
Vetra,F,Uknown
Cladie,F,Uknown
Athalia,F,Hebrew
Kaola,F,Uknown
Modine,F,Uknown
Hellon,F,Uknown
Olena,F,Ukrainian
Floye,F,Uknown
Calonia,F,Uknown
Hilma,F,German
Robenia,F,German
Geralene,F,Uknown
Hubbie,F,Uknown
Mayola,F,Uknown
Vira,F,Uknown
Chestine,F,Uknown
Berline,F,Uknown
Carolene,F,Uknown
Cattie,F,Uknown
Almarie,F,Uknown
Evora,F,Portuguese
Jearldine,F,Uknown
Gloristine,F,Uknown
Marvis,F,Uknown
Geraldene,F,German
Lendora,F,Uknown
Brookie,F,German
Elfreda,F,German
Rosiland,F,Uknown
Shelda,F,Uknown
Rosilyn,F,Uknown
Jacque,F,French
Beckie,F,Hebrew
Phylliss,F,Greek
Belvia,F,French
Veta,F,Sanskrit
Phyllistine,F,Uknown
Angelean,F,Uknown
Remonia,F,Uknown
Kayron,F,Uknown
Madgeline,F,Uknown
Keitha,F,Scottish
Ramonia,F,Uknown
Vanessia,F,Greek
Shirlean,F,Uknown
Cherly,F,British
Dawne,F,British
Jimi,F,British
Ravonda,F,Uknown
Marchelle,F,Latin
Tama,F,Japanese
Deitra,F,Greek
Denene,F,Uknown
Lorita,F,Latin
Kimela,F,Uknown
Camela,F,Latin
Betina,F,Hebrew
Wendolyn,F,Uknown
Marni,F,Uknown
Tonjia,F,Uknown
Towana,F,Uknown
Ericia,F,Uknown
Marice,F,Latin
Miyoshi,F,Uknown
Rewa,F,Uknown
Latondra,F,Uknown
Tanga,F,Modern
Chinita,F,Uknown
Jatana,F,Uknown
Ltanya,F,Uknown
Malissia,F,Uknown
Montressa,F,Uknown
Shalawn,F,Uknown
Cameo,F,Italian
Latisa,F,Latin
Makisha,F,Uknown
Trinette,F,Scandinavian
Yolander,F,Uknown
Aprill,F,Latin
Sholanda,F,Uknown
Lakecia,F,Uknown
Tomesha,F,Uknown
Kameka,F,Uknown
Kenda,F,Welsh
Kisa,F,Uknown
Teneshia,F,Uknown
Tausha,F,Uknown
Joli,F,French
Shantina,F,Uknown
Shinita,F,Uknown
Tanita,F,Russian
Enjoli,F,Uknown
Teshia,F,Uknown
Lasheika,F,Uknown
Janita,F,Spanish
Janeen,F,Hebrew
Kimiko,F,Japanese
Quinetta,F,Uknown
Devonda,F,Uknown
Syretta,F,Uknown
Toneka,F,Uknown
Lacrystal,F,Uknown
Jennipher,F,Uknown
Latora,F,Uknown
Brandice,F,British
Darcel,F,French
Shakeeka,F,Uknown
Shakeeta,F,Uknown
Sharda,F,Uknown
Taran,F,Gaelic
Tareva,F,Uknown
Caress,F,French
Javonda,F,Uknown
Tiffiany,F,Uknown
Britanny,F,Latin
Lashea,F,Uknown
Quanetta,F,Uknown
Shaquanta,F,Uknown
Quanita,F,Uknown
Adrienna,F,Latin
Dalisa,F,Uknown
Jatoya,F,Uknown
Brittini,F,Latin
Jelissa,F,American
Jessyca,F,Hebrew
Tasheka,F,Uknown
Jamisha,F,American
Laquanna,F,Uknown
Latika,F,Uknown
Moniqua,F,Uknown
Shakeyla,F,Uknown
Aleesha,F,German
Johnisha,F,Uknown
Miyisha,F,Uknown
Shawnice,F,British
Taquanna,F,Uknown
Kabrina,F,Uknown
Katelyne,F,Uknown
Kimberlin,F,British
Shaquitta,F,Uknown
Kiandra,F,American
Jameika,F,Uknown
Khiana,F,Uknown
Quatisha,F,Uknown
Sharice,F,French
Zhana,F,Uknown
Sumer,F,Uknown
Travia,F,Uknown
Tyrika,F,Uknown
Leeza,F,Hebrew
Michaila,F,Hebrew
Shianna,F,Uknown
Suzannah,F,Hebrew
Carolann,F,German
Janesha,F,Uknown
Jakera,F,Uknown
Keyaira,F,Uknown
Khala,F,Uknown
Quatasia,F,Uknown
Teyanna,F,Uknown
Bryonna,F,Irish
Trinidy,F,Uknown
Cassidi,F,Irish
Citlally,F,Uknown
Morganne,F,Welsh
Shanasia,F,Uknown
Soledad,F,Spanish
Cesilia,F,Uknown
Jackelin,F,Uknown
Katana,F,American
Lanasia,F,Uknown
Nasya,F,Hebrew
Aniaya,F,Uknown
Desarae,F,French
Iasia,F,Uknown
Laysha,F,Uknown
Makaiya,F,Uknown
Maricruz,F,Uknown
Vianca,F,Indian
Takya,F,Uknown
Albany,F,Latin
Ashantee,F,Ghanaian
Hallee,F,Uknown
Jashanti,F,Uknown
Anahy,F,Uknown
Talayeh,F,Uknown
Anajah,F,Uknown
Anessa,F,Greek
Jovanna,F,Spanish
Mckensie,F,Irish
Nyssa,F,Hebrew
Sitlaly,F,Uknown
Marykatherine,F,Uknown
Caira,F,Uknown
Jeniya,F,Uknown
Jamyra,F,Uknown
Jenascia,F,Uknown
Tyashia,F,Uknown
Bryanne,F,Irish
Estrellita,F,Uknown
Khaliya,F,Uknown
Alexsandra,F,Greek
Zulema,F,Arabic
Jaretzy,F,Uknown
Dacey,F,Irish
Dyani,F,Uknown
Janiaya,F,Uknown
Kayanna,F,Uknown
Keniah,F,Uknown
Maysa,F,Arabic
Tanajah,F,Uknown
Zyeria,F,Uknown
Kensey,F,Uknown
Yocelin,F,Uknown
Addysen,F,Uknown
Amisadai,F,Uknown
Britani,F,Latin
Eavan,F,Gaelic
Joselyne,F,Uknown
Maziyah,F,Uknown
Rosio,F,Latin
Zurisadai,F,Uknown
Angelli,F,Uknown
Daziah,F,Uknown
Jareli,F,Uknown
Kharma,F,Uknown
Mena,F,German
Ailey,F,Irish
Akirah,F,Uknown
Heydi,F,Uknown
Jozlynn,F,Uknown
Maddyn,F,Uknown
Miana,F,Uknown
Myiah,F,Uknown
Samyah,F,Uknown
Sherly,F,Uknown
Zorianna,F,Uknown
Anali,F,Uknown
Joselynn,F,Uknown
Niyanna,F,Uknown
Ahniya,F,Uknown
Amonie,F,Uknown
Elsy,F,Scottish
Greydis,F,Uknown
Mackenzy,F,Uknown
Nasiah,F,Uknown
Neala,F,Irish
Niyana,F,Uknown
Ariannah,F,Uknown
Alydia,F,Uknown
Analy,F,Uknown
Josalynn,F,German
Khloey,F,Uknown
Lisandra,F,Greek
Maily,F,Uknown
Mckaela,F,Uknown
Nazaria,F,Uknown
Persia,F,Uknown
Sanyia,F,Uknown
Jaleyah,F,Uknown
Alyiah,F,Uknown
Aurianna,F,Uknown
Cienna,F,Uknown
Dayonna,F,Uknown
Hosanna,F,Hebrew
Jarely,F,Uknown
Jocell,F,Uknown
Kathia,F,Uknown
Naziah,F,Uknown
Saliyah,F,Uknown
Taylyn,F,French
Aryia,F,Uknown
Daiana,F,Uknown
Keileigh,F,Uknown
Kyndel,F,Uknown
Magaby,F,Uknown
Yaritzel,F,Uknown
Zofia,F,Greek
Halleigh,F,Uknown
Adrielle,F,Latin
Alis,F,German
Dagny,F,Norse
Juliett,F,Latin
Meela,F,Uknown
Niomi,F,Uknown
Samora,F,Uknown
Aarvi,F,Uknown
Aliannah,F,Uknown
Ivyana,F,Uknown
Maycie,F,Uknown
Rhema,F,Uknown
Spirit,F,Latin
Talynn,F,Uknown
Andraya,F,Uknown
Aubrei,F,Uknown
Avri,F,Uknown
Gema,F,Latin
Jailyne,F,Uknown
Makenize,F,Uknown
Oona,F,Scottish
Coraleigh,F,Uknown
Vaida,F,Uknown
Laurynn,F,Latin
Amilya,F,Latin
Avayah,F,Uknown
Emilynn,F,Uknown
Maanvi,F,Uknown
Mahathi,F,Uknown
Raeghan,F,Uknown
Unity,F,British
Jhene,F,Uknown
Alaska,F,Uknown
Alyana,F,Uknown
Analucia,F,Uknown
Anorah,F,Latin
Jelena,F,Russian
Karely,F,Uknown
Bellarose,F,Uknown
Graelyn,F,Uknown
Hudsyn,F,Uknown
Aashi,F,Uknown
Adaley,F,Uknown
Amaira,F,Uknown
Aruna,F,Sanskrit
Caia,F,Latin
Daya,F,Hebrew
Haelyn,F,Uknown
Havana,F,Uknown
Havanna,F,Uknown
Keilah,F,Hebrew
Lilianne,F,Uknown
Mahlani,F,Uknown
Melodi,F,Greek
Nayomi,F,Uknown
Zemirah,F,Uknown
Ishanvi,F,Uknown
Chaya,F,Hebrew
Ellasyn,F,Uknown
Lotus,F,Greek
Vaeda,F,Uknown
Xenia,F,Greek
Aanvi,F,Uknown
Aleida,F,Latin
Chesnee,F,Uknown
Denali,F,Uknown
Ellia,F,German
Harlowe,F,Uknown
Hazley,F,Uknown
Jaloni,F,Uknown
Jiana,F,American
Kayliana,F,Uknown
Rayla,F,German
Violett,F,Uknown
Yameli,F,Uknown
Exum,M,Uknown
Earley,M,British
Ney,M,Uknown
Wingate,M,British
Coyte,M,Uknown
Hallet,M,Uknown
Nello,M,Uknown
Foch,M,Uknown
Burlie,M,British
Cleophas,M,Greek
Jobie,M,Hebrew
Fernie,M,Uknown
Acy,M,Uknown
Claxton,M,British
Mosby,M,Uknown
Oddie,M,Uknown
Haynes,M,Uknown
Moyer,M,Uknown
Garvey,M,Irish
Elworth,M,Uknown
Lenon,M,Uknown
Dover,M,Welsh
Flay,M,Uknown
Percival,M,French
Ramond,M,German
Stokes,M,Uknown
Bernis,M,German
Jiles,M,Greek
Jb,M,Uknown
Artice,M,Celtic
Milbert,M,Uknown
Leavy,M,Uknown
Festus,M,Latin
York,M,British
Guilford,M,British
Verne,M,French
Jerrel,M,British
Lenward,M,Uknown
Curlee,M,Uknown
Seavy,M,Uknown
Fermon,M,Uknown
Huel,M,Uknown
Linward,M,Uknown
Colen,M,Dutch
Johnney,M,Uknown
Cardell,M,French
Donold,M,Uknown
Lindwood,M,Uknown
Graylin,M,Uknown
Tonnie,M,Uknown
Tab,M,German
Kevan,M,Irish
Cliffton,M,Uknown
Timothey,M,Greek
Benjy,M,Hebrew
Quint,M,Latin
Darryll,M,French
Geno,M,Italian
Jeffrie,M,Uknown
Clayborn,M,German
Shaft,M,Uknown
Sharif,M,Arabic
Jermane,M,Latin
Starsky,M,Uknown
Jermie,M,Uknown
Demetrus,M,Uknown
Jarian,M,Uknown
Dantonio,M,Uknown
Jonthan,M,Uknown
Kenard,M,Uknown
Antonie,M,Latin
Derreck,M,German
Emanual,M,Hebrew
Obryan,M,Uknown
Johnthan,M,Uknown
Duston,M,German
Demaris,M,Latin
Markis,M,Uknown
Quayshawn,M,Uknown
Demorris,M,Uknown
Jeron,M,American
Jequan,M,Uknown
Melquan,M,Uknown
Jawaan,M,Uknown
Shaquile,M,American
Demitri,M,Greek
Demitrius,M,Greek
Montre,M,Uknown
Diamante,M,British
Shiheem,M,Uknown
Daquarius,M,Uknown
Raekwan,M,Uknown
Raequon,M,Uknown
Ravon,M,Uknown
Tryston,M,Uknown
Shamel,M,Uknown
Chrishawn,M,Uknown
Dontre,M,Uknown
Tafari,M,Uknown
Chrishon,M,Uknown
Tyresse,M,Uknown
Flavio,M,Latin
Shamond,M,Uknown
Tyrease,M,Uknown
Jadakiss,M,Uknown
Amado,M,Latin
Kweli,M,Uknown
Nkosi,M,Uknown
Nyheim,M,Uknown
Fransisco,M,Latin
Talib,M,Arabic
Shamir,M,Hebrew
Zaccheus,M,Hebrew
Baltazar,M,Babylonian
Lizandro,M,Greek
Jalik,M,Uknown
Donnovan,M,Uknown
Jahmez,M,Uknown
Kanyon,M,Uknown
Xavien,M,Uknown
Zaveon,M,Uknown
Bradin,M,Uknown
Reyes,M,Spanish
Tyleek,M,Uknown
Celso,M,Portuguese
Tayshon,M,Uknown
Deiondre,M,Uknown
Ladainian,M,Uknown
Cowen,M,Uknown
Jahson,M,Uknown
Jamaurie,M,Uknown
Jamire,M,Uknown
Jareth,M,American
Lucio,M,Portuguese
Neri,M,Italian
Dresden,M,Uknown
Edilberto,M,Uknown
Adyn,M,Uknown
Eros,M,Greek
Jaidan,M,Uknown
Jaydn,M,Uknown
Jyron,M,Uknown
Gracin,M,Uknown
Hendrick,M,German
Jayvin,M,Uknown
Jamaury,M,Uknown
Ziyan,M,Uknown
Darey,M,Uknown
Trason,M,Uknown
Jahmire,M,Uknown
Jontae,M,British
Kamaree,M,Uknown
Nycere,M,Uknown
Rigo,M,Uknown
Sayvion,M,Uknown
Zymari,M,Uknown
Zackariah,M,Hebrew
Jahmarion,M,Uknown
Micha,M,Hebrew
Zahmir,M,Uknown
Ziaire,M,Uknown
Estevan,M,Spanish
Broden,M,Irish
Kahmari,M,Uknown
Langdon,M,British
Corben,M,French
Nevan,M,Irish
Koltin,M,Uknown
Paulo,M,Portuguese
Zaydan,M,Uknown
Ashwath,M,Uknown
Aviel,M,Hebrew
Bane,M,Slavic
Keithan,M,Uknown
Khayden,M,Uknown
Rahmel,M,Uknown
Surya,M,Uknown
Yeray,M,Uknown
Zimere,M,Uknown
Jakub,M,Hebrew
Quest,M,Uknown
Abriel,M,Hebrew
Kenston,M,Uknown
Eivin,M,Uknown
Jayceion,M,Uknown
Auron,M,Hebrew
Cyler,M,Uknown
Jaevion,M,Uknown
Kyian,M,Uknown
Kymari,M,Uknown
Azael,M,Uknown
Camrin,M,Scottish
Deklyn,M,Uknown
Graycen,M,Uknown
Jomar,M,British
Kanen,M,Uknown
Sahir,M,Uknown
Olsen,M,Uknown
Ahaan,M,Uknown
Raidyn,M,Uknown
Rakan,M,Uknown
Raynor,M,German
Riggins,M,Uknown
Rihaan,M,Uknown
Finnigan,M,Uknown
Aking,M,Uknown
Aveer,M,Uknown
Mavrick,M,American
Ashur,M,Aramaic
Brick,M,British
Elio,M,Italian
Giannis,M,Hebrew
Graylen,M,Uknown
Kairee,M,American
Knolan,M,Uknown
Neythan,M,Uknown
Ren,M,Japanese
Sriram,M,Uknown
Taim,M,Uknown
Uri,M,Hebrew
Whitman,M,British
Woods,M,Uknown
Asaiah,M,Hebrew
Quamir,M,Uknown
Adhvik,M,Uknown
Aizen,M,Uknown
Cyncere,M,Uknown
Daxtyn,M,Uknown
Jiovanni,M,Uknown
Azion,M,Uknown
Izrael,M,Uknown
Jahking,M,Uknown
Layke,M,Uknown
Loki,M,Norse
Lux,M,Latin
Maeson,M,Uknown
Namir,M,Hebrew
Nysir,M,Uknown
Oaklan,M,Uknown
Reef,M,Uknown
Tennyson,M,British
Pretto,F,Uknown
Anniebell,F,Uknown
Deanie,F,Uknown
Sunnie,F,British
Hannie,F,Hebrew
Walline,F,Uknown
Almeter,F,Uknown
Eller,F,Uknown
Genever,F,Welsh
Rosina,F,Latin
Eather,F,Uknown
Clorine,F,Uknown
Orena,F,Uknown
Perline,F,Latin
Caro,F,German
Everlina,F,Uknown
Rubena,F,Hebrew
Wilhemena,F,Uknown
Asalee,F,Uknown
Glenora,F,Uknown
Parniece,F,Uknown
Hermine,F,Spanish
Mozter,F,Uknown
Narvis,F,Uknown
Pearlee,F,Uknown
Rozena,F,Uknown
Trannie,F,Uknown
Hermenia,F,Uknown
Marvie,F,Uknown
Arthuree,F,Uknown
Rovena,F,Uknown
Joeann,F,Uknown
Lougenia,F,Uknown
Richardean,F,Uknown
Gwynne,F,Welsh
Caretha,F,Uknown
Rebacca,F,Uknown
Percilla,F,Latin
Salley,F,Hebrew
Sherril,F,Greek
Diannie,F,Uknown
Verlinda,F,Uknown
Eyvonne,F,French
Jacquelina,F,French
Thersa,F,Hebrew
Toinette,F,Latin
Dayatra,F,Uknown
Katena,F,Greek
Lasonia,F,Uknown
Lakishia,F,Uknown
Tora,F,Japanese
Charo,F,Latin
Temeika,F,Uknown
Quintella,F,Uknown
Letoya,F,Spanish
Audreanna,F,British
Shakena,F,Uknown
Jasamine,F,Uknown
Shaneque,F,Uknown
Francheska,F,Uknown
Shavonna,F,Hebrew
Nicollette,F,French
Shakeema,F,Uknown
Laquasia,F,Uknown
Shavonte,F,Uknown
Kadija,F,Arabic
Caitlan,F,Greek
Ladasha,F,Uknown
Diamon,F,Uknown
Davia,F,Scottish
Dynasia,F,Uknown
Iyona,F,Uknown
Alaisha,F,Uknown
Tanyiah,F,Uknown
Talaysia,F,Uknown
Jnya,F,Uknown
Santasia,F,Uknown
Malaysha,F,Uknown
Dynasti,F,Uknown
Tylashia,F,Uknown
Ellory,F,Uknown
Javeah,F,Uknown
Mckinleigh,F,Uknown
Clemson,M,Uknown
Moultrie,M,Uknown
Hasker,M,Uknown
Cleven,M,Uknown
Allard,M,British
Ingram,M,Scandinavian
Namon,M,Uknown
Simpson,M,British
Tallie,M,Uknown
Ebbie,M,Hebrew
Erskin,M,Scottish
Hovie,M,Uknown
Aiken,M,British
Jenkins,M,Hebrew
Stclair,M,Uknown
Wister,M,German
Dargan,M,Irish
Seymour,M,Latin
Wilmot,M,German
Prue,M,Latin
Burris,M,Uknown
Stjulian,M,Uknown
Durant,M,Latin
Burnet,M,French
Pinckney,M,Uknown
Mcarther,M,Uknown
Brunson,M,Uknown
Mackey,M,Gaelic
Saintclair,M,Uknown
Johnell,M,Uknown
Roddey,M,Uknown
Skipper,M,British
Del,M,French
Demetrick,M,Uknown
Tyris,M,Uknown
Antrone,M,Uknown
Damiano,M,Italian
Roshawn,M,Sanskrit
Derell,M,French
Rishawn,M,Uknown
Jarid,M,Hebrew
Tyski,M,Uknown
Lakeem,M,Uknown
Shaquelle,M,Uknown
Trimayne,M,Uknown
Raheen,M,Uknown
Dequarius,M,Uknown
Montell,M,Uknown
Ikeem,M,Uknown
Shykeem,M,Uknown
Davontay,M,Uknown
Diamonte,M,Uknown
Tiquan,M,Uknown
Sequan,M,Uknown
Dreshawn,M,Uknown
Jamareon,M,Uknown
Nygel,M,Irish
Traevon,M,Uknown
Zayveon,M,Uknown
Corinthian,M,Uknown
Bralen,M,Uknown
Rutledge,M,Norse
Kayvion,M,Uknown
Kayceon,M,Uknown
Princeston,M,Uknown
Auda,F,French
Eda,F,British
Beauton,F,Uknown
Margueritte,F,Uknown
Cliffie,F,British
Rozelle,F,French
Lockie,F,Uknown
Dola,F,Nigerian
Roena,F,Uknown
Graple,F,Uknown
Lorell,F,Uknown
Vercie,F,Uknown
Ople,F,Uknown
Macel,F,Uknown
Etter,F,Uknown
Vadie,F,Uknown
Clatie,F,Uknown
Inetha,F,Uknown
Ladye,F,Uknown
Modena,F,Uknown
Oneta,F,Uknown
Tharon,F,Greek
Helon,F,Uknown
Madolyn,F,Uknown
Clata,F,Uknown
Bunia,F,Uknown
Mcneva,F,Uknown
Delcia,F,Uknown
Neoma,F,Greek
Brooxie,F,Uknown
Fleeta,F,Uknown
Gerldine,F,Uknown
Pattye,F,Uknown
Robbye,F,Uknown
Claudean,F,Latin
Elsia,F,Uknown
Monette,F,Uknown
Peggye,F,Uknown
Jerlean,F,Uknown
Lonna,F,Uknown
Annita,F,Spanish
Sherrian,F,Uknown
Carloyn,F,Uknown
Babette,F,French
Shearon,F,Uknown
Jeanni,F,Uknown
Nadolyn,F,Uknown
Kimala,F,Uknown
Kimmie,F,British
Coletta,F,Greek
Penne,F,Uknown
Celisa,F,Uknown
Dwana,F,Irish
Dewanna,F,Uknown
Mylinda,F,Uknown
Risa,F,Latin
Karren,F,Danish
Sonjia,F,Uknown
Stacye,F,Uknown
Teresea,F,Uknown
Terena,F,Uknown
Marcey,F,Uknown
Daina,F,Hebrew
Tekela,F,Uknown
Treena,F,Scandinavian
Sonda,F,Uknown
Shuntel,F,Uknown
Tomara,F,Uknown
Trevia,F,Uknown
Kimbra,F,Uknown
Lacretia,F,Latin
Tenille,F,Uknown
Lanika,F,American
Shauntel,F,Uknown
Starlett,F,Uknown
Kassy,F,Greek
Shericka,F,Uknown
Jerrika,F,American
Karita,F,Latin
Deeanna,F,British
Donesha,F,Uknown
Janeka,F,Uknown
Kirsty,F,Scottish
Maigan,F,Uknown
Sharae,F,Hebrew
Laterrica,F,Uknown
Fancy,F,Latin
Talor,F,Hebrew
Atlanta,F,Greek
Darneisha,F,Uknown
Shelbey,F,Norse
Laterica,F,Uknown
Carlesha,F,Uknown
Shyan,F,Uknown
Starkeisha,F,Uknown
Jameela,F,Arabic
Keleigh,F,Uknown
Marisha,F,Latin
Maryssa,F,Latin
Rodnesha,F,Uknown
Catlyn,F,Greek
Kenedy,F,Uknown
Mahaley,F,Uknown
Manar,F,Uknown
Mykenzie,F,Uknown
Haylea,F,British
Juliann,F,Mexican
Karman,F,Hebrew
Heavenlee,F,Uknown
Reghan,F,Gaelic
Tierany,F,Uknown
Sarahgrace,F,Uknown
Breunna,F,Uknown
Adisyn,F,Uknown
Josilyn,F,German
Reniya,F,Uknown
Calee,F,Greek
Shayleigh,F,Uknown
Nakyla,F,Uknown
Ryanna,F,Irish
Anyiah,F,Uknown
Bayli,F,Uknown
Graycie,F,Uknown
Akiyah,F,Uknown
Amera,F,Hebrew
Brilynn,F,Uknown
Avaree,F,Uknown
Loralye,F,Uknown
Tynleigh,F,Uknown
Jonier,F,Uknown
Adysen,F,Uknown
Avyanna,F,Uknown
Braylie,F,Uknown
Ellena,F,Greek
Aissata,F,Uknown
Anastyn,F,Uknown
Snow,F,British
Elliemae,F,Uknown
Kambri,F,American
Kaybree,F,Uknown
Mayzie,F,Uknown
Niylah,F,Uknown
Payslee,F,Uknown
Mckenleigh,F,Uknown
Azlyn,F,Uknown
Khalessi,F,Uknown
Avree,F,Uknown
Dim,F,Uknown
Paislynn,F,Uknown
Windsor,F,British
Wrigley,F,Uknown
Tennessee,F,Uknown
Laiklyn,F,Uknown
Loralai,F,Uknown
Acelyn,F,Uknown
Kamri,F,Uknown
Whitlee,F,Uknown
Jermani,F,Uknown
Anzlee,F,Uknown
Dearia,F,Uknown
Everlynn,F,Uknown
Haelynn,F,Uknown
Flournoy,M,Uknown
Burch,M,British
Thales,M,Uknown
Minnis,M,Uknown
Shields,M,Uknown
Garlin,M,French
Lonas,M,Uknown
Easley,M,Uknown
Polk,M,Uknown
Pryor,M,Latin
Swan,M,Uknown
Ephriam,M,Hebrew
Charls,M,German
Hodge,M,German
Clois,M,Uknown
Lowry,M,Irish
Marshel,M,Uknown
Paschal,M,Latin
Eulas,M,Uknown
Roe,M,British
Fowler,M,British
Osco,M,Uknown
Billey,M,German
Odes,M,Uknown
Rual,M,Uknown
Doyce,M,Uknown
Raybon,M,Uknown
Bobie,M,German
Laddie,M,British
Vick,M,Latin
Tandy,M,Norse
Gill,M,Irish
Vincient,M,Uknown
Keno,M,Uknown
Erico,M,Spanish
Cordney,M,French
Lakeith,M,Uknown
Mareco,M,Uknown
Laquinton,M,Uknown
Christohper,M,Uknown
Geoffery,M,Uknown
Jarron,M,Hebrew
Cardarius,M,Uknown
Kipp,M,British
Tavish,M,Irish
Tevan,M,Uknown
Rashun,M,Uknown
Kalab,M,Uknown
Kalon,M,Uknown
Anterrio,M,Uknown
Keylon,M,Uknown
Marquarius,M,Uknown
Montarius,M,Uknown
Cordarrius,M,Uknown
Lucus,M,Uknown
Martavis,M,Uknown
Zebadiah,M,Uknown
Kile,M,Gaelic
Jaelon,M,Uknown
Monterrio,M,Uknown
Marshun,M,Uknown
Garet,M,Uknown
Rondarius,M,Uknown
Tayshun,M,Uknown
Andersen,M,Norwegian
Taveon,M,Uknown
Keveon,M,Irish
Lofton,M,Uknown
Demarrion,M,Uknown
Jacorian,M,Uknown
Keyvon,M,Uknown
Labron,M,French
Breck,M,Gaelic
Shenouda,M,Uknown
Caston,M,Uknown
Conan,M,Irish
Jaykob,M,Uknown
Philopateer,M,Uknown
Bray,M,French
Geremiah,M,Uknown
Zaylan,M,Uknown
Lajuan,M,Uknown
Meyer,M,Hebrew
Hutton,M,British
Brexton,M,British
Kal,M,Uknown
Kenai,M,Uknown
Zaylon,M,Uknown
Rayland,M,Uknown
Fitz,M,French
Braycen,M,Uknown
Slate,M,Uknown
Zaelyn,M,Uknown
Dansby,M,Uknown
Aeson,M,Greek
Gryffin,M,Latin
Crews,M,Uknown
Fenix,M,Greek
Jorah,M,Hebrew
Krue,M,Uknown
Marius,M,Latin
Rafe,M,Scandinavian
Luvinia,F,Latin
Glenice,F,Welsh
Lakie,F,Uknown
Ferne,F,British
Vermont,F,French
Kathleene,F,Uknown
Leronia,F,Uknown
Louvinia,F,Latin
Lorrine,F,Uknown
Roseann,F,British
Ernell,F,Uknown
Cathern,F,Greek
Melodye,F,Uknown
Raye,F,Hebrew
Donice,F,Uknown
Valrie,F,Uknown
Alvita,F,Latin
Dorine,F,Greek
Arnette,F,German
Vernette,F,Latin
Sherl,F,Uknown
Barrie,F,Irish
Liesl,F,German
Lorretta,F,Latin
Lynell,F,British
Donnetta,F,Italian
Terina,F,Uknown
Taunya,F,Uknown
Alvina,F,British
Genea,F,Uknown
Azure,F,Spanish
Camesha,F,Scottish
Latishia,F,Uknown
Genese,F,Uknown
Kennesha,F,American
Kylene,F,Uknown
Tinesha,F,Uknown
Jenise,F,British
Shamica,F,Uknown
Rachele,F,Hebrew
Cherice,F,French
Ladawn,F,Latin
Jenee,F,American
Rashell,F,Hebrew
Lashell,F,Uknown
Channel,F,Uknown
Kaylene,F,Gaelic
Lasha,F,Uknown
Shenae,F,Uknown
Shatia,F,Uknown
Shalisa,F,Hebrew
Desirea,F,Uknown
Roneisha,F,Uknown
Anesha,F,Uknown
Jazzmen,F,American
Tabytha,F,Aramaic
Ronnisha,F,Uknown
Idalia,F,Greek
Janiqua,F,Uknown
Kaitlynne,F,Uknown
Keshawna,F,Uknown
Nhi,F,Uknown
Donnisha,F,Uknown
Raeann,F,Uknown
Tayah,F,Uknown
Maiah,F,Greek
Ndea,F,Uknown
Reema,F,Uknown
Semiyah,F,Uknown
Taijah,F,Uknown
Selin,F,Uknown
Cyan,F,American
Deshawna,F,Uknown
Sha,F,Uknown
Xavia,F,Basque
Jazmen,F,Uknown
Jasia,F,Uknown
Nadira,F,Arabic
Heavyn,F,Uknown
Indira,F,Sanskrit
Tkai,F,Uknown
Mahum,F,Uknown
Huda,F,Arabic
Swetha,F,Uknown
Gracia,F,Latin
Katharina,F,Uknown
Meron,F,Uknown
Stefania,F,Greek
Tynasia,F,Uknown
Uma,F,Sanskrit
Christyn,F,Latin
Eesha,F,Sanskrit
Henna,F,German
Neena,F,Indian
Darlyn,F,British
Jahaira,F,Uknown
Mahika,F,Indian
Arushi,F,Uknown
Caterina,F,Portuguese
Ianna,F,Uknown
Nevaeha,F,Uknown
Nura,F,Aramaic
Yanira,F,Uknown
Sumayah,F,Uknown
Arisha,F,Uknown
Kezia,F,Hebrew
Anvitha,F,Uknown
Haneen,F,Uknown
Katheryne,F,Greek
Meira,F,Hebrew
Minna,F,German
Sanyah,F,Uknown
Akshaya,F,Uknown
Amirrah,F,Uknown
Myangel,F,Uknown
Nandini,F,Uknown
Aishwarya,F,Uknown
Abena,F,Ghanaian
Aoife,F,Scottish
Avni,F,Uknown
Caylyn,F,Greek
Delainey,F,French
Maniyah,F,Uknown
Sarayu,F,Uknown
Talea,F,American
Aislin,F,Irish
Miyana,F,Hebrew
Aleeya,F,Uknown
Azariya,F,Uknown
Josseline,F,Uknown
Mycah,F,Hebrew
Naliyah,F,Uknown
Nika,F,Greek
Shamyah,F,Uknown
Keerthi,F,Uknown
Laiba,F,Uknown
Minnah,F,Uknown
Pia,F,Latin
Sakina,F,Uknown
Samayah,F,Uknown
Scarleth,F,Uknown
Nishka,F,Uknown
Adelie,F,French
Kaely,F,Uknown
Madilynne,F,Uknown
Minha,F,Uknown
Vaishnavi,F,Uknown
Inayah,F,Arabic
Aislyn,F,Irish
Christabel,F,Latin
Cosette,F,French
Dunya,F,Uknown
Melanny,F,Uknown
Rosslyn,F,Scottish
Sora,F,Uknown
Keisy,F,Uknown
Elif,F,Uknown
Bahar,F,Uknown
Heela,F,Uknown
Meara,F,Irish
Safaa,F,Uknown
Emnet,F,Uknown
Tsion,F,Uknown
Haya,F,Hebrew
Joud,F,Uknown
Lujain,F,Uknown
Mariamawit,F,Uknown
Meryem,F,Uknown
Zeina,F,Uknown
Noura,F,Aramaic
Areej,F,Uknown
Aseel,F,Uknown
Hadia,F,Uknown
Harleen,F,British
Haset,F,Uknown
Parisa,F,Greek
Ridhi,F,Sanskrit
Taleen,F,Armenian
Bayan,F,Uknown
Eleana,F,Hebrew
Ishika,F,Uknown
Jessia,F,Hebrew
Kailany,F,Uknown
Eira,F,Welsh
Aayat,F,Uknown
Alara,F,Uknown
Atlee,F,Hebrew
Aylen,F,Uknown
Hasset,F,Uknown
Joie,F,French
Madisson,F,British
Mahsa,F,Uknown
Mishka,F,Uknown
Shanvi,F,Uknown
Harman,M,French
Moir,M,Uknown
Alpheus,M,Hebrew
Calvert,M,British
Hensel,M,Uknown
Detroit,M,Uknown
Melville,M,French
Overton,M,Uknown
Elridge,M,Uknown
Wellington,M,British
Armistead,M,Uknown
Herley,M,Uknown
Burwell,M,Uknown
Rosser,M,Uknown
Saford,M,Uknown
Vaden,M,Uknown
Carleton,M,British
Cornel,M,Latin
Hubbard,M,British
Franz,M,Latin
Skip,M,British
Wayde,M,Scandinavian
Lydell,M,Scottish
Kraig,M,Uknown
Selwyn,M,British
Darel,M,French
Robb,M,German
Ronell,M,Norse
Jamaine,M,American
Duron,M,Uknown
Antwoine,M,French
Kennard,M,British
Daivd,M,Uknown
Lamarr,M,German
Devonne,M,British
Delvon,M,Irish
Brehon,M,Uknown
Delonta,M,Uknown
Quamane,M,Uknown
Derrike,M,Uknown
Travonte,M,Uknown
Dvonte,M,Uknown
Jodeci,M,Uknown
Tuan,M,Uknown
Dmonte,M,Uknown
Domonic,M,Uknown
Jaquante,M,Uknown
Khoa,M,Uknown
Trung,M,Uknown
Markeese,M,French
Osama,M,Uknown
Minh,M,Vietnamese
Shyhiem,M,Uknown
Tyquon,M,Uknown
Waleed,M,Arabic
Treyshawn,M,Uknown
An,M,Vietnamese
Damonta,M,Uknown
Diontae,M,Uknown
Walid,M,Arabic
Da,M,Uknown
Japheth,M,Hebrew
Samer,M,Uknown
Daeshawn,M,Uknown
Fahim,M,Uknown
Jabin,M,Hebrew
Alhaji,M,Uknown
Eugenio,M,Greek
Tyjuan,M,Uknown
Kunal,M,Uknown
Nabil,M,Arabic
Quavon,M,Uknown
Tevion,M,Uknown
Johntae,M,Uknown
Talik,M,Uknown
Humza,M,Uknown
Mateen,M,Uknown
Tayveon,M,Uknown
Yuvraj,M,Uknown
Amr,M,Arabic
Daeshaun,M,Uknown
Nashaun,M,Uknown
Piero,M,Spanish
Vishal,M,Uknown
Amilcar,M,Uknown
Dagan,M,Hebrew
Naren,M,Sanskrit
Arun,M,Indian
Azavion,M,Uknown
Padraig,M,Latin
Rahiem,M,Arabic
Shaheer,M,Uknown
Tajon,M,Uknown
Aeden,M,Uknown
Daevion,M,Uknown
Dareon,M,Uknown
Elijiah,M,Uknown
Jevonte,M,Uknown
Kameren,M,Scottish
Zacharia,M,Hebrew
Soham,M,Uknown
Fares,M,Uknown
Daivon,M,Uknown
Dayon,M,Uknown
Geovany,M,Italian
Keshav,M,Uknown
Keyondre,M,Uknown
Alim,M,Uknown
Mazen,M,Arabic
Rithvik,M,Uknown
Madhav,M,Uknown
Yassine,M,Uknown
Ziad,M,Uknown
Mohamad,M,Arabic
Arjan,M,Uknown
Avin,M,Uknown
Dagmawi,M,Uknown
Ronav,M,Uknown
Kirubel,M,Uknown
Ibraheem,M,Arabic
