Name,clusters,Sex
Fozie,0,F
Estoria,24,F
Alzada,2,F
Epsie,20,F
Oppie,17,F
Rozia,8,F
Rozie,15,F
Louelle,28,F
Blossie,19,F
Clevie,13,F
Cola,12,F
Elvera,24,F
Lutrelle,28,F
Marylee,28,F
Ludell,21,F
Beddie,13,F
Equilla,24,F
Jurell,7,F
Liller,21,F
Verdelle,6,F
Ezma,20,F
Bertice,19,F
Para,17,F
Madell,16,F
Berma,31,F
Aliene,2,F
Virdell,6,F
Loette,21,F
Faustine,14,F
Marrion,28,F
Mertice,28,F
Othella,33,F
Rebie,15,F
Mertis,16,F
Areatha,2,F
Genelle,14,F
Reaver,8,F
Arsie,31,F
Lonia,3,F
Margene,28,F
Ommie,17,F
Everlyn,24,F
Luretha,28,F
Coretha,19,F
Floyce,0,F
Jerusha,7,F
Francie,14,F
Waver,29,F
Vernease,6,F
Rethel,8,F
Merline,28,F
Oveline,33,F
France,0,F
Winnell,6,F
Wanell,6,F
Elene,20,F
Algia,31,F
Reathel,1,F
Annett,2,F
Dartha,5,F
Matline,28,F
Ellean,5,F
Wylean,6,F
Jenette,7,F
Lanora,21,F
Wonnie,29,F
Gennell,14,F
Melvis,16,F
Caldonia,10,F
Gaile,0,F
Jenell,7,F
Sheryll,27,F
Waltina,6,F
Racine,8,F
Jeannett,9,F
Linder,21,F
Voncille,6,F
Sherilyn,1,F
Nancey,16,F
Jeryl,11,F
Calamity,10,F
Sherion,27,F
Theresia,27,F
Evone,20,F
Joellen,7,F
Renna,8,F
Eydie,20,F
Cherlyn,19,F
Viki,29,F
Bridgitte,10,F
Jacqualine,9,F
Chrissie,19,F
Yvonnie,25,F
Deeann,5,F
Samanthia,1,F
Alfreida,10,F
Detria,5,F
Meshell,28,F
Sharolyn,1,F
Audery,2,F
Lorenda,28,F
Songa,30,F
Angila,2,F
Dodie,20,F
Valecia,6,F
Angla,31,F
Deirdra,24,F
Dodi,20,F
Felice,14,F
Marica,16,F
Sherlonda,1,F
Cutina,13,F
Tita,30,F
Meri,26,F
Katrinia,9,F
Saketha,27,F
Veronique,6,F
Cicily,13,F
Demetrica,10,F
Seandra,27,F
Amiee,31,F
Radiah,8,F
Tesa,30,F
Lakeisa,28,F
Monifa,16,F
Quovadis,1,F
Daffney,24,F
Latrica,28,F
Mendi,16,F
Pebbles,33,F
Tamicka,27,F
Anetra,2,F
Akina,31,F
Shekina,27,F
Tangee,30,F
Vontresa,6,F
Katasha,7,F
Kina,3,F
Lakeeta,28,F
Lakessa,28,F
Nafeesah,28,F
Prescilla,33,F
Shanica,27,F
Tameko,27,F
Jamilia,7,F
Lameka,21,F
Marinda,28,F
Saprina,27,F
Tamecia,27,F
Tangi,30,F
Akeisha,2,F
Aqueelah,10,F
Denika,5,F
Shwanda,27,F
Tanzania,27,F
Yolando,25,F
Santresa,1,F
Renota,8,F
Aneesah,2,F
Brittania,10,F
Chisa,13,F
Latrece,28,F
Reena,8,F
Shandria,1,F
Tashika,27,F
Shambrica,1,F
Casi,12,F
Lavita,21,F
Merideth,28,F
Nikesha,28,F
Nikiya,16,F
Yoshida,25,F
Sharonica,1,F
Micole,16,F
Montoya,28,F
Peaches,33,F
Tifany,27,F
Tiffeny,27,F
Yalanda,25,F
Sherese,27,F
Kawanda,7,F
Chenoa,13,F
Kewanna,7,F
Lotoya,21,F
Sharanda,1,F
Tameisha,27,F
Zaneta,25,F
Letrice,28,F
Nastassja,28,F
Niketa,16,F
Jamillah,9,F
Lashuna,28,F
Sheronica,1,F
Tova,30,F
Yasheka,25,F
Mallary,28,F
Shetara,27,F
Ambur,31,F
Chardae,19,F
Cherrell,19,F
Latrese,28,F
Conchetta,10,F
Nisha,16,F
Shakendra,1,F
Delaina,24,F
Kenyana,7,F
Laquishia,9,F
Lashanta,28,F
Roshunda,1,F
Sherina,27,F
Camillia,10,F
Donielle,24,F
Laquanta,28,F
Stasha,8,F
Sentoria,1,F
Shadae,8,F
Shakeena,1,F
Keandrea,9,F
Britnie,19,F
Jesseca,7,F
Brittiney,10,F
Bryttani,10,F
Carlissa,10,F
Latifa,21,F
Leeanne,21,F
Terria,30,F
Taneika,27,F
Carlisa,19,F
Keneshia,9,F
Shakari,27,F
Kasha,3,F
Markie,16,F
Ariell,2,F
Bricola,19,F
Keaundra,9,F
Lamesha,28,F
Roderica,1,F
Shantika,1,F
Rebeccah,1,F
Teneisha,27,F
Wachovia,6,F
Arika,31,F
Jaleisa,7,F
Jalesia,7,F
Shanekia,1,F
Shanekqua,1,F
Sharaine,1,F
Sharnae,27,F
Tayana,30,F
Deaundra,24,F
Demonica,24,F
Lyssa,3,F
Shanikqua,1,F
Shauntia,1,F
Katey,3,F
Ceirra,13,F
Dandrea,24,F
Jaquisha,9,F
Kadeshia,9,F
Karisa,7,F
Quinesha,1,F
Santrice,1,F
Shakerra,1,F
Shambria,1,F
Shamonica,1,F
Shandricka,1,F
Troi,30,F
Ajee,22,F
Daneisha,24,F
Kadeidra,9,F
Tameria,27,F
Chasmine,19,F
Karima,7,F
Kiyanna,7,F
Nicosha,28,F
Quatesha,1,F
Natori,16,F
Antania,2,F
Derika,5,F
Jori,32,F
Arnisha,2,F
Breyona,19,F
Brieana,19,F
Miaya,16,F
Shakeyra,1,F
Shaquandra,1,F
Tiandra,27,F
Idalis,23,F
Aungelique,10,F
Elantra,24,F
Kenyanna,9,F
Lynzee,21,F
Maisha,16,F
Andrianna,10,F
Marleni,28,F
Shonteria,1,F
Akila,31,F
Allexus,2,F
Breaunna,19,F
Natoria,28,F
Shaterria,1,F
Shonterria,1,F
Timara,27,F
Alexas,2,F
Niara,16,F
Shaquira,1,F
Aurion,2,F
Caitlen,19,F
Chika,13,F
Daejah,5,F
Ladaisha,28,F
Niaya,16,F
Ronisha,1,F
Antoria,2,F
Shykemmia,1,F
Destyne,24,F
Tamaria,27,F
Brina,31,F
Cana,12,F
Cherith,19,F
Dayja,20,F
Deashia,24,F
Halli,23,F
Janautica,9,F
Kiarah,7,F
Nasia,16,F
Siani,30,F
Tymia,30,F
Iyanla,23,F
Margeaux,28,F
Tykira,27,F
Amunet,2,F
Daisia,5,F
Ileana,23,F
Joia,32,F
Jonelle,7,F
Shacoria,1,F
Tyresha,27,F
Zaynah,25,F
Nakaya,16,F
Andreanna,10,F
Dayjah,5,F
Deijah,5,F
Deysy,20,F
Emya,20,F
Jaala,11,F
Kanaya,7,F
Keambria,9,F
Kierston,9,F
Markesia,28,F
Mccall,16,F
Myrka,16,F
Nayelly,28,F
Nyja,26,F
Tiye,30,F
Zanaya,25,F
Ashanta,2,F
Jnaya,11,F
Aalliyah,2,F
Ajanae,2,F
Brelyn,13,F
Briyanna,19,F
Faiza,20,F
Jakaya,7,F
Jamyiah,7,F
Marykathryn,28,F
Nyirah,16,F
Rashel,8,F
Shanti,8,F
Rakiya,8,F
Tyliah,30,F
Asharia,2,F
Eniya,20,F
Nahriah,28,F
Banesa,2,F
Lakiya,21,F
Nayzeth,28,F
Quaniya,33,F
Rosaura,1,F
Samaiya,27,F
Shanyah,27,F
Tamyah,30,F
Trenyce,27,F
Yosselin,25,F
Seleste,27,F
Tylah,30,F
Anecia,2,F
Anisah,2,F
Cinthya,19,F
Makyia,16,F
Michiah,28,F
Oluwatamilore,28,F
Omaria,33,F
Shaye,30,F
Tatiyanna,27,F
Tylia,30,F
Xitlali,6,F
Teairra,27,F
Analiese,10,F
Annakate,10,F
Semira,8,F
Takhia,30,F
Ashira,2,F
Betsabe,19,F
Erionna,24,F
Jakaria,7,F
Jaquitta,9,F
Mansi,16,F
Nayelli,28,F
Nely,26,F
Rut,15,F
Samanta,27,F
Zykiria,25,F
Shariah,27,F
Amberleigh,10,F
Kanya,3,F
Lamaya,21,F
Sury,15,F
Tariah,30,F
Zahira,25,F
Alyah,31,F
Britten,19,F
Chania,13,F
Llana,3,F
Mea,26,F
Mychaela,28,F
Samoria,27,F
Shanyla,27,F
Syriana,27,F
Yelitza,25,F
Jeniah,7,F
Kemiya,7,F
Sakari,8,F
Eniyah,5,F
Keyri,3,F
Betsaida,10,F
Jaleya,7,F
Jniya,11,F
Keelin,7,F
Kelise,7,F
Lejla,3,F
Mikiya,16,F
Rosy,15,F
Sameria,27,F
Vianney,6,F
Zykierra,25,F
Deajah,5,F
Iyannah,7,F
Jamayah,7,F
Kameria,7,F
Makyah,16,F
Amarachi,10,F
Angelin,2,F
Asucena,2,F
Dayanira,24,F
Deniyah,24,F
Desiray,24,F
Hanan,23,F
Jakerria,9,F
Jazlene,7,F
Kalissa,7,F
Kamariah,9,F
Keilly,7,F
Larsen,21,F
Masiya,16,F
Ndeye,16,F
October,33,F
Rhyanna,1,F
Torianna,27,F
Ziah,25,F
Zowie,25,F
Zyah,25,F
Auriana,2,F
Alayja,2,F
Elida,20,F
Victory,6,F
Abree,31,F
Adithi,2,F
Calissa,19,F
Chrislyn,19,F
Jadasia,7,F
Janaria,7,F
Kemaya,7,F
Shaylah,27,F
Syriah,8,F
Yocelyn,25,F
Zoei,25,F
Rayanna,1,F
Ahmani,2,F
Aniyla,2,F
Ramiya,8,F
Shaylyn,27,F
Aleigh,2,F
Evyn,20,F
Joyanna,7,F
Kensie,11,F
Raphaella,1,F
Veronika,6,F
Shariyah,1,F
Alaila,2,F
Courtlynn,10,F
Cristel,19,F
Davionna,24,F
Jasiya,7,F
Bayla,31,F
Aleya,31,F
Derrianna,10,F
Fia,0,F
Iniya,11,F
Jaymee,11,F
Josselin,9,F
Khyli,3,F
Lazaria,28,F
Maryella,28,F
Mattilyn,28,F
Shanik,8,F
Swayze,8,F
Janney,7,F
Alayjah,2,F
Caelynn,19,F
Lilee,3,F
Mahari,16,F
Orianna,33,F
Skyleigh,1,F
Aalia,31,F
Aissatou,10,F
Aubre,31,F
Janayla,7,F
Makenlee,28,F
Ranya,8,F
Saya,15,F
Ayelen,2,F
Anamaria,10,F
Brenlee,19,F
Chyann,13,F
Karmin,7,F
Kinzie,11,F
Lyrical,28,F
Oluwadarasimi,28,F
Rion,15,F
Solyana,27,F
Tahari,27,F
Tamryn,30,F
Telia,30,F
Jaide,11,F
Kenzington,9,F
Alyric,2,F
Armonii,2,F
Cynne,12,F
Dhriti,5,F
Ezri,20,F
Marlaysia,28,F
Shalom,8,F
Averly,2,F
Brecklyn,19,F
Kaloni,7,F
Loghan,21,F
Ave,22,F
Callaway,10,F
Chiamaka,10,F
Jalyssa,7,F
Kalila,7,F
Leeana,21,F
Livi,3,F
Macyn,16,F
Makinzie,28,F
Marleny,28,F
Mirabel,28,F
Tariyah,27,F
Yuritzi,25,F
Jailee,11,F
Aaria,31,F
Girl,0,F
Kilani,7,F
Tinleigh,27,F
Calani,13,F
Delina,5,F
Dnyla,20,F
Henlee,23,F
Henslee,23,F
Kalena,7,F
Laiyla,21,F
Loxley,21,F
Maebry,16,F
Maloni,16,F
Weslynn,6,F
Xyla,29,F
Aloni,31,F
Alizah,2,F
Annalia,2,F
Azuri,31,F
Chimamanda,10,F
Fynlee,0,F
Mei,26,F
Adaly,31,F
Alayiah,2,F
Brinsley,19,F
Dariyah,24,F
Eliette,24,F
Evana,20,F
Jesslynn,9,F
Kollins,7,F
Laiya,3,F
Lelani,21,F
Makylah,28,F
Mckynlee,28,F
Myrah,16,F
Nur,26,F
Raiya,15,F
Royalti,1,F
Sarenity,1,F
Teigen,30,F
Tiaraoluwa,1,F
Yani,25,F
Yariah,25,F
Honest,23,F
Jahlani,7,F
Kiyomi,7,F
Mehlani,28,F
Arisbeth,10,F
Chizara,19,F
Dalani,5,F
Divinity,24,F
Dynver,5,F
Eliyah,5,F
Emmerie,24,F
Jiyah,11,F
Kassidi,7,F
Kior,18,F
Klani,3,F
Krislynn,9,F
Nami,26,F
Nessa,16,F
Nyima,16,F
Primrose,33,F
Sari,15,F
Swara,30,F
Yalitza,25,F
Zalaya,25,F
Zaylah,25,F
Agnew,22,M
Thelmon,27,M
Willy,29,M
Broughton,10,M
Etheridge,24,M
Loney,3,M
Lenzy,3,M
Ethridge,24,M
Alto,22,M
Bunyan,13,M
Oswell,33,M
Herchel,23,M
Seabron,27,M
Cosby,13,M
Deforest,24,M
Addis,22,M
Curry,13,M
Mathews,28,M
Seals,4,M
Reubin,8,M
Eligh,20,M
Eustace,24,M
Phinizy,33,M
Pope,17,M
Summie,8,M
Thelman,27,M
Doy,12,M
Pledger,33,M
Cloud,12,M
Hansell,23,M
Lugene,21,M
Ulysess,27,M
Harwell,23,M
Lamon,3,M
Quillie,33,M
Asberry,2,M
Mather,21,M
Dupree,5,M
Sid,15,M
Arthor,2,M
Warnell,6,M
Jc,32,M
Wymon,29,M
Barnett,19,M
Duglas,5,M
Purvis,33,M
Mcclinton,28,M
Kimsey,7,M
Lucky,3,M
Theartis,27,M
Ulyssee,27,M
Lonzy,3,M
Merrell,28,M
Rochester,1,M
Guerry,23,M
Flemming,14,M
Karry,34,M
Barnard,19,M
Bubba,13,M
Kervin,7,M
Kimothy,7,M
Tal,15,M
Renwick,1,M
Darran,5,M
Arnie,22,M
Ladon,3,M
Remus,8,M
Yves,25,M
Gergory,14,M
Rustin,8,M
Timonthy,27,M
Trevino,27,M
Trampas,27,M
Lerone,21,M
Chrisopher,10,M
Horatio,23,M
Kennon,7,M
Savalas,27,M
Romon,8,M
Sheddrick,1,M
Sherard,27,M
Bucky,13,M
Tavare,4,M
Trampus,27,M
Altonio,2,M
Damein,5,M
Kamau,34,M
Monta,16,M
Kawaski,7,M
Marrio,21,M
Quavis,33,M
Tarrence,27,M
Nicholus,28,M
Rodrigus,1,M
Shadrick,1,M
Jenard,7,M
Denard,5,M
Trumaine,27,M
Dantavious,10,M
Lanorris,28,M
Perez,17,M
Cagney,13,M
Demarrio,24,M
Tavius,4,M
Antwuan,2,M
Duran,5,M
Jarrel,7,M
Torris,4,M
Cordera,19,M
Dyron,5,M
Sherrick,1,M
Travaris,27,M
Demarko,24,M
Sagar,4,M
Quartez,33,M
Jamarco,7,M
Quinnton,1,M
Ralpheal,1,M
Toddrick,27,M
Travoris,27,M
Cord,12,M
Akeen,22,M
Chadd,12,M
Corderius,10,M
Mandela,28,M
Javarus,7,M
Chauncy,19,M
Hakim,23,M
Lajarvis,28,M
Tabias,4,M
Tarrance,27,M
Xavius,6,M
Zakkary,25,M
Demetre,5,M
Demon,5,M
Detavious,10,M
Donterrius,10,M
Jestin,7,M
Martinez,28,M
Quan,15,M
Ravi,15,M
Steffan,27,M
Tyrie,4,M
Derico,5,M
Jamerson,9,M
Martice,28,M
Oshay,17,M
Randon,8,M
Rashamel,1,M
Dearius,5,M
Deyonta,5,M
Dvante,5,M
Johnta,7,M
Deronte,5,M
Jantzen,7,M
Jawanza,7,M
Jawara,7,M
Jazz,32,M
Marquize,28,M
Quinterius,1,M
Gunter,23,M
Jarmarcus,9,M
Montravius,28,M
Oshea,17,M
Zerrick,25,M
Quantavis,1,M
Jerron,7,M
Jovante,7,M
Trevonte,27,M
Javaughn,9,M
Javious,7,M
Latravious,9,M
Nanya,16,M
Marqavious,28,M
Tiger,4,M
Demarquez,10,M
Calin,13,M
Jawuan,7,M
Juwon,34,M
Olajuwon,33,M
Quindarrius,1,M
Quintarious,1,M
Quinterious,1,M
Rodarius,1,M
Tajuan,4,M
Trevious,27,M
Tyrelle,27,M
Zyshonne,25,M
Sabian,8,M
Jujuan,7,M
Uchenna,27,M
Cartez,13,M
Dashun,5,M
Griffen,14,M
Jayland,7,M
Zarek,25,M
Keivon,7,M
Kevontae,9,M
Alon,22,M
Blaize,13,M
Dathan,5,M
Jartavious,9,M
Keldric,7,M
Rosendo,1,M
Servando,1,M
Travonne,27,M
Andru,22,M
Marko,16,M
Dadrian,5,M
Kennan,7,M
Kohl,18,M
Osualdo,33,M
Terez,4,M
Dontrez,5,M
Ahmod,22,M
Aakash,2,M
Homero,23,M
Kamen,34,M
Kelson,7,M
Slater,8,M
Sulayman,1,M
Kelijah,7,M
Thai,4,M
Trevian,27,M
Tyrel,4,M
Vansh,29,M
Aleczander,10,M
Jaquarious,9,M
Keontay,7,M
Keyshun,7,M
Marquavion,28,M
Amarius,2,M
Larson,21,M
Avant,22,M
Edwyn,20,M
Gabreil,14,M
Hari,0,M
Kendarious,9,M
Arsh,22,M
Norberto,28,M
Branton,19,M
Melik,16,M
Cavan,13,M
Donivan,24,M
Jakyri,7,M
Jeyson,7,M
Kelechi,7,M
Khairi,7,M
Machi,16,M
Taysean,27,M
Zachari,25,M
Dayshaun,24,M
Treyvion,27,M
Makell,21,M
Neftali,28,M
Quavion,33,M
Shamarion,1,M
Baylon,13,M
Chazz,12,M
Jashun,7,M
Jd,32,M
Jermarion,9,M
Kemontae,9,M
Tremel,4,M
Damontae,24,M
Oluwatobi,33,M
Arnulfo,2,M
Brayam,13,M
Jabriel,7,M
Jatavius,9,M
Obinna,33,M
Zamar,25,M
Chaise,13,M
Crispin,19,M
Dade,12,M
Davien,5,M
Geronimo,14,M
Kelin,34,M
Kordae,11,M
Mikai,16,M
Mustapha,28,M
Mychael,28,M
Saadiq,8,M
Tarun,4,M
Malachai,28,M
Jireh,34,M
Adain,22,M
Garin,0,M
Javarion,9,M
Sandro,8,M
Adon,22,M
Aundre,31,M
Derreon,5,M
Jens,32,M
Rayshaun,1,M
Yaakov,25,M
Mathieu,28,M
Aadi,22,M
Laiden,21,M
Abdoulaye,10,M
Aidon,22,M
Breyden,19,M
Habib,23,M
Keanthony,9,M
Kvon,18,M
Macario,28,M
Yosgart,25,M
Neko,26,M
Kortez,7,M
Robel,8,M
Zyquavious,25,M
Jeremaih,9,M
Jhonny,7,M
Leandre,21,M
Moussa,21,M
Bralyn,13,M
Mouhamed,28,M
Zac,25,M
Eh,20,M
Favian,14,M
Izaac,34,M
Kaileb,7,M
Prestyn,33,M
Vadhir,6,M
Xavian,6,M
Aadyn,22,M
Jamoni,7,M
Whit,29,M
Yug,25,M
Arath,22,M
Brysun,13,M
Fender,14,M
Kaige,11,M
Taylon,4,M
Pryce,17,M
Aziz,22,M
Kaidon,7,M
Braxston,19,M
Rajveer,1,M
Taevion,27,M
Valen,29,M
Ilijah,23,M
Abbott,2,M
Cheikh,13,M
Jakye,11,M
Kashmere,9,M
Sohan,4,M
Tylin,4,M
Colden,13,M
Kamarri,7,M
Kamrin,7,M
Natan,16,M
Omere,17,M
Saketh,8,M
Fynn,0,M
Brigham,19,M
Leevi,3,M
Mekhai,21,M
Khyler,7,M
Athan,22,M
Corvin,13,M
Eastin,5,M
Keyan,11,M
Lelan,3,M
Mesiah,21,M
Paden,17,M
Param,17,M
Saxton,8,M
Sekou,4,M
Khylen,7,M
Aasir,22,M
Kaizen,7,M
Leviticus,9,M
Luqman,21,M
Moksh,16,M
Rich,15,M
Stellan,27,M
Akshar,2,M
Graceson,14,M
Kallan,7,M
Kyaire,11,M
Lenin,3,M
Lyon,18,M
Pharoah,33,M
Reynolds,1,M
Sinan,4,M
Xion,29,M
Hero,0,M
Yohannes,25,M
Artist,2,M
Azaiah,2,M
Aziel,22,M
Cashmere,19,M
Chozen,13,M
Ikenna,23,M
Kamir,34,M
Kasai,34,M
Kasyn,34,M
Mattias,28,M
Othniel,33,M
Yeison,25,M
Zhaire,25,M
Axell,22,M
Aylan,22,M
Chief,12,M
Dakhari,24,M
Eesa,20,M
Jah,32,M
Jaice,11,M
Jasai,34,M
Kingdom,7,M
Knight,11,M
Mosiah,21,M
Timber,4,M
Vikram,6,M
Artha,31,F
Icy,32,F
Mathilda,28,F
Offie,17,F
Tevis,30,F
Ama,22,F
Ample,31,F
Evadean,24,F
Odella,33,F
Ophia,17,F
Vessie,29,F
Captola,19,F
Claris,13,F
Cloma,13,F
Carmie,13,F
Lorella,28,F
Morine,16,F
Orlena,33,F
Elba,20,F
Paulene,33,F
Genoa,0,F
Georgene,14,F
Suda,15,F
Antha,31,F
Ethyl,20,F
Glendola,14,F
Oneda,17,F
Rosala,8,F
Zelphia,25,F
Genella,14,F
Gathel,23,F
Novice,16,F
Patsie,17,F
Joline,7,F
Lorain,21,F
Pheba,17,F
Morene,16,F
Emmogene,24,F
Gypsy,0,F
Wyona,29,F
Jennetta,9,F
Marilou,28,F
Wanna,29,F
Datha,20,F
Clotene,19,F
Loetta,21,F
Lovella,28,F
Nadean,16,F
Noretta,28,F
Arbadella,10,F
Noreta,16,F
Norita,16,F
Evalena,24,F
Glada,0,F
Rochella,1,F
Carlyon,19,F
Ardith,2,F
Lindia,21,F
Luana,3,F
Devra,20,F
Jonda,11,F
Devonna,24,F
Sherre,8,F
Janene,7,F
Londa,3,F
Julita,7,F
Bev,12,F
Kimberle,9,F
Deronda,24,F
Redonna,1,F
Pollyanna,33,F
Mischelle,28,F
Tammara,27,F
Jeanene,7,F
Carolee,19,F
Stephannie,1,F
Melena,16,F
Tarrah,30,F
Billi,31,F
Donica,5,F
Delisha,24,F
Kirsti,7,F
Corissa,19,F
Cheyenna,19,F
Briann,13,F
Abbygale,10,F
Mashayla,28,F
Callee,13,F
Jazzlynn,9,F
Laynee,21,F
Raegen,8,F
Fatuma,14,F
Paetyn,33,F
Lynnox,21,F
Averee,2,F
Jessalynn,9,F
Laykin,21,F
Jaclynn,7,F
Lakynn,21,F
Shaylynn,1,F
Taylee,30,F
Remmington,1,F
Annlee,31,F
Landri,21,F
Corbit,13,M
Hargus,23,M
Lenvil,21,M
Orel,17,M
Calloway,10,M
Vencil,6,M
Mont,26,M
Audley,2,M
Custer,13,M
Proctor,33,M
Warfield,6,M
Wavy,29,M
Carless,19,M
Kline,11,M
Orbie,17,M
Tollie,4,M
Urban,4,M
Merril,21,M
Humphrey,14,M
Selbert,27,M
Stoy,15,M
Bee,12,M
Ernst,20,M
Othel,17,M
Ovel,17,M
Rutherford,1,M
Strother,1,M
Gardner,14,M
Herald,23,M
Aloysius,10,M
Brack,12,M
Drexel,5,M
Arbie,22,M
Birchel,19,M
Ishmel,23,M
Loman,3,M
Cleatus,19,M
Cluster,19,M
Lafe,18,M
Lambert,21,M
Waldon,6,M
Moss,26,M
Browder,19,M
Mat,26,M
Norton,16,M
Okley,17,M
Louard,21,M
Corbet,13,M
Wendel,6,M
Euel,20,M
Elby,20,M
Ermal,20,M
Jearl,11,M
Kelso,34,M
Edmon,20,M
Shafter,27,M
Gaylord,14,M
Dorse,5,M
Loyde,3,M
Ermon,20,M
Hillis,23,M
Burnis,13,M
Clive,12,M
Forster,14,M
Jakie,11,M
Mearl,16,M
Hulen,23,M
Vernis,6,M
Mikey,16,M
Thimothy,27,M
Michial,28,M
Christophere,10,M
Labradford,9,M
Derrik,5,M
Caelin,13,M
Cambron,19,M
Cayleb,13,M
Cainan,13,M
Gavan,0,M
Keagen,7,M
Tayten,4,M
Brodee,13,M
Joesiah,7,M
Linkoln,21,M
Janson,7,M
Rhyder,8,M
Suleyman,1,M
Koleson,7,M
Kam,18,M
Thayer,4,M
Smithie,27,F
Venie,29,F
Sennie,8,F
Monie,16,F
Mazzie,16,F
Cannie,13,F
Clelia,13,F
Clyda,13,F
Tamer,30,F
Chessie,19,F
Quessie,33,F
Bedie,31,F
Fonnie,0,F
Missie,16,F
Nicy,26,F
Rubell,8,F
Ercell,5,F
Lucielle,28,F
Odelia,33,F
Eulala,24,F
Maie,26,F
Chanie,13,F
Garnell,14,F
Saddie,8,F
Senora,8,F
Willet,6,F
Clellie,19,F
Adgie,31,F
Malissie,28,F
Velvie,29,F
Vetra,29,F
Cladie,13,F
Athalia,2,F
Kaola,3,F
Modine,16,F
Hellon,23,F
Olena,17,F
Floye,0,F
Calonia,19,F
Hilma,23,F
Robenia,1,F
Geralene,14,F
Hubbie,23,F
Mayola,16,F
Vira,29,F
Chestine,19,F
Berline,19,F
Carolene,10,F
Cattie,13,F
Almarie,2,F
Evora,20,F
Jearldine,9,F
Gloristine,14,F
Marvis,16,F
Geraldene,14,F
Lendora,28,F
Brookie,19,F
Elfreda,24,F
Rosiland,1,F
Shelda,8,F
Rosilyn,1,F
Jacque,11,F
Beckie,13,F
Phylliss,33,F
Belvia,13,F
Veta,29,F
Phyllistine,1,F
Angelean,10,F
Remonia,1,F
Kayron,7,F
Madgeline,28,F
Keitha,7,F
Ramonia,1,F
Vanessia,6,F
Shirlean,1,F
Cherly,13,F
Dawne,20,F
Jimi,32,F
Ravonda,1,F
Marchelle,28,F
Tama,30,F
Deitra,5,F
Denene,5,F
Lorita,21,F
Kimela,7,F
Camela,13,F
Betina,2,F
Wendolyn,6,F
Marni,16,F
Tonjia,30,F
Towana,27,F
Ericia,24,F
Marice,16,F
Miyoshi,28,F
Rewa,15,F
Latondra,28,F
Tanga,30,F
Chinita,19,F
Jatana,7,F
Ltanya,21,F
Malissia,28,F
Montressa,28,F
Shalawn,27,F
Cameo,13,F
Latisa,21,F
Makisha,28,F
Trinette,27,F
Yolander,25,F
Aprill,2,F
Sholanda,1,F
Lakecia,28,F
Tomesha,27,F
Kameka,7,F
Kenda,3,F
Kisa,3,F
Teneshia,27,F
Tausha,30,F
Joli,32,F
Shantina,1,F
Shinita,27,F
Tanita,27,F
Enjoli,24,F
Teshia,30,F
Lasheika,28,F
Janita,7,F
Janeen,7,F
Kimiko,7,F
Quinetta,1,F
Devonda,24,F
Syretta,27,F
Toneka,27,F
Lacrystal,9,F
Jennipher,9,F
Latora,21,F
Brandice,19,F
Darcel,5,F
Shakeeka,1,F
Shakeeta,1,F
Sharda,8,F
Taran,30,F
Tareva,27,F
Caress,13,F
Javonda,7,F
Tiffiany,27,F
Britanny,10,F
Lashea,21,F
Quanetta,1,F
Shaquanta,1,F
Quanita,33,F
Adrienna,10,F
Dalisa,5,F
Jatoya,7,F
Brittini,10,F
Jelissa,7,F
Jessyca,7,F
Tasheka,27,F
Jamisha,7,F
Laquanna,28,F
Latika,21,F
Moniqua,28,F
Shakeyla,1,F
Aleesha,2,F
Johnisha,9,F
Miyisha,28,F
Shawnice,1,F
Taquanna,27,F
Kabrina,7,F
Katelyne,9,F
Kimberlin,9,F
Shaquitta,1,F
Kiandra,7,F
Jameika,7,F
Khiana,7,F
Quatisha,1,F
Sharice,27,F
Zhana,25,F
Sumer,30,F
Travia,30,F
Tyrika,27,F
Leeza,3,F
Michaila,28,F
Shianna,27,F
Suzannah,1,F
Carolann,10,F
Janesha,7,F
Jakera,7,F
Keyaira,7,F
Khala,3,F
Quatasia,1,F
Teyanna,27,F
Bryonna,19,F
Trinidy,27,F
Cassidi,19,F
Citlally,10,F
Morganne,28,F
Shanasia,1,F
Soledad,27,F
Cesilia,19,F
Jackelin,9,F
Katana,7,F
Lanasia,28,F
Nasya,16,F
Aniaya,2,F
Desarae,24,F
Iasia,11,F
Laysha,21,F
Makaiya,28,F
Maricruz,28,F
Vianca,6,F
Takya,30,F
Albany,2,F
Ashantee,2,F
Hallee,23,F
Jashanti,9,F
Anahy,31,F
Talayeh,27,F
Anajah,2,F
Anessa,2,F
Jovanna,7,F
Mckensie,28,F
Nyssa,16,F
Sitlaly,27,F
Marykatherine,9,F
Caira,13,F
Jeniya,7,F
Jamyra,7,F
Jenascia,9,F
Tyashia,27,F
Bryanne,19,F
Estrellita,24,F
Khaliya,7,F
Alexsandra,10,F
Zulema,25,F
Jaretzy,7,F
Dacey,20,F
Dyani,20,F
Janiaya,7,F
Kayanna,7,F
Keniah,7,F
Maysa,16,F
Tanajah,27,F
Zyeria,25,F
Kensey,7,F
Yocelin,25,F
Addysen,2,F
Amisadai,10,F
Britani,19,F
Eavan,20,F
Joselyne,9,F
Maziyah,28,F
Rosio,8,F
Zurisadai,25,F
Angelli,2,F
Daziah,5,F
Jareli,7,F
Kharma,7,F
Mena,26,F
Ailey,31,F
Akirah,2,F
Heydi,23,F
Jozlynn,7,F
Maddyn,16,F
Miana,16,F
Myiah,16,F
Samyah,8,F
Sherly,8,F
Zorianna,25,F
Anali,31,F
Joselynn,9,F
Niyanna,28,F
Ahniya,2,F
Amonie,2,F
Elsy,20,F
Greydis,14,F
Mackenzy,28,F
Nasiah,16,F
Neala,16,F
Niyana,16,F
Ariannah,10,F
Alydia,2,F
Analy,31,F
Josalynn,9,F
Khloey,11,F
Lisandra,28,F
Maily,16,F
Mckaela,28,F
Nazaria,28,F
Persia,33,F
Sanyia,8,F
Jaleyah,7,F
Alyiah,2,F
Aurianna,10,F
Cienna,13,F
Dayonna,24,F
Hosanna,23,F
Jarely,7,F
Jocell,7,F
Kathia,7,F
Naziah,16,F
Saliyah,27,F
Taylyn,30,F
Aryia,31,F
Daiana,5,F
Keileigh,9,F
Kyndel,7,F
Magaby,16,F
Yaritzel,25,F
Zofia,25,F
Halleigh,14,F
Adrielle,10,F
Alis,22,F
Dagny,20,F
Juliett,7,F
Meela,16,F
Niomi,16,F
Samora,8,F
Aarvi,31,F
Aliannah,10,F
Ivyana,23,F
Maycie,16,F
Rhema,8,F
Spirit,8,F
Talynn,30,F
Andraya,2,F
Aubrei,2,F
Avri,22,F
Gema,0,F
Jailyne,7,F
Makenize,28,F
Oona,17,F
Coraleigh,10,F
Vaida,29,F
Laurynn,28,F
Amilya,2,F
Avayah,2,F
Emilynn,24,F
Maanvi,16,F
Mahathi,28,F
Raeghan,1,F
Unity,30,F
Jhene,11,F
Alaska,2,F
Alyana,2,F
Analucia,10,F
Anorah,2,F
Jelena,7,F
Karely,7,F
Bellarose,10,F
Graelyn,14,F
Hudsyn,23,F
Aashi,31,F
Adaley,2,F
Amaira,2,F
Aruna,31,F
Caia,12,F
Daya,20,F
Haelyn,23,F
Havana,23,F
Havanna,23,F
Keilah,7,F
Lilianne,28,F
Mahlani,28,F
Melodi,16,F
Nayomi,16,F
Zemirah,25,F
Ishanvi,7,F
Chaya,12,F
Ellasyn,24,F
Lotus,3,F
Vaeda,29,F
Xenia,29,F
Aanvi,31,F
Aleida,2,F
Chesnee,19,F
Denali,5,F
Ellia,20,F
Harlowe,23,F
Hazley,23,F
Jaloni,7,F
Jiana,11,F
Kayliana,9,F
Rayla,8,F
Violett,6,F
Yameli,25,F
Exum,20,M
Earley,5,M
Ney,26,M
Wingate,6,M
Coyte,12,M
Hallet,23,M
Nello,16,M
Foch,0,M
Burlie,13,M
Cleophas,19,M
Jobie,11,M
Fernie,0,M
Acy,22,M
Claxton,19,M
Mosby,16,M
Oddie,17,M
Haynes,23,M
Moyer,16,M
Garvey,23,M
Elworth,24,M
Lenon,3,M
Dover,5,M
Flay,0,M
Percival,33,M
Ramond,8,M
Stokes,8,M
Bernis,13,M
Jiles,34,M
Jb,32,M
Artice,2,M
Milbert,28,M
Leavy,3,M
Festus,14,M
York,25,M
Guilford,14,M
Verne,29,M
Jerrel,7,M
Lenward,21,M
Curlee,13,M
Seavy,4,M
Fermon,14,M
Huel,0,M
Linward,21,M
Colen,13,M
Johnney,7,M
Cardell,19,M
Donold,5,M
Lindwood,28,M
Graylin,14,M
Tonnie,4,M
Tab,15,M
Kevan,34,M
Cliffton,19,M
Timothey,27,M
Benjy,13,M
Quint,17,M
Darryll,5,M
Geno,0,M
Jeffrie,7,M
Clayborn,19,M
Shaft,4,M
Sharif,8,M
Jermane,7,M
Starsky,27,M
Jermie,11,M
Demetrus,24,M
Jarian,7,M
Dantonio,24,M
Jonthan,7,M
Kenard,7,M
Antonie,2,M
Derreck,5,M
Emanual,24,M
Obryan,33,M
Johnthan,9,M
Duston,5,M
Demaris,24,M
Markis,21,M
Quayshawn,1,M
Demorris,24,M
Jeron,34,M
Jequan,7,M
Melquan,28,M
Jawaan,7,M
Shaquile,1,M
Demitri,24,M
Demitrius,10,M
Montre,21,M
Diamante,24,M
Shiheem,27,M
Daquarius,10,M
Raekwan,1,M
Raequon,1,M
Ravon,8,M
Tryston,27,M
Shamel,8,M
Chrishawn,10,M
Dontre,5,M
Tafari,27,M
Chrishon,19,M
Tyresse,27,M
Flavio,14,M
Shamond,27,M
Tyrease,27,M
Jadakiss,9,M
Amado,22,M
Kweli,34,M
Nkosi,16,M
Nyheim,16,M
Fransisco,14,M
Talib,4,M
Shamir,8,M
Zaccheus,25,M
Baltazar,10,M
Lizandro,28,M
Jalik,34,M
Donnovan,24,M
Jahmez,7,M
Kanyon,7,M
Xavien,6,M
Zaveon,25,M
Bradin,13,M
Reyes,15,M
Tyleek,4,M
Celso,13,M
Tayshon,27,M
Deiondre,19,M
Ladainian,9,M
Cowen,13,M
Jahson,7,M
Jamaurie,9,M
Jamire,7,M
Jareth,7,M
Lucio,3,M
Neri,26,M
Dresden,5,M
Edilberto,24,M
Adyn,22,M
Eros,20,M
Jaidan,7,M
Jaydn,11,M
Jyron,34,M
Gracin,23,M
Hendrick,14,M
Jayvin,7,M
Jamaury,7,M
Ziyan,25,M
Darey,5,M
Trason,4,M
Jahmire,7,M
Jontae,11,M
Kamaree,7,M
Nycere,16,M
Rigo,15,M
Sayvion,27,M
Zymari,25,M
Zackariah,25,M
Jahmarion,9,M
Micha,16,M
Zahmir,25,M
Ziaire,25,M
Estevan,24,M
Broden,13,M
Kahmari,7,M
Langdon,21,M
Corben,13,M
Nevan,16,M
Koltin,7,M
Paulo,17,M
Zaydan,25,M
Ashwath,2,M
Aviel,22,M
Bane,12,M
Keithan,7,M
Khayden,7,M
Rahmel,8,M
Surya,4,M
Yeray,25,M
Zimere,25,M
Jakub,34,M
Quest,17,M
Abriel,2,M
Kenston,7,M
Eivin,20,M
Jayceion,9,M
Auron,22,M
Cyler,13,M
Jaevion,7,M
Kyian,11,M
Kymari,7,M
Azael,22,M
Camrin,13,M
Deklyn,5,M
Graycen,14,M
Jomar,34,M
Kanen,34,M
Sahir,4,M
Olsen,17,M
Ahaan,22,M
Raidyn,8,M
Rakan,8,M
Raynor,8,M
Riggins,1,M
Rihaan,8,M
Finnigan,14,M
Aking,22,M
Aveer,22,M
Mavrick,28,M
Ashur,22,M
Brick,12,M
Elio,20,M
Giannis,14,M
Graylen,14,M
Kairee,11,M
Knolan,7,M
Neythan,28,M
Ren,15,M
Sriram,8,M
Taim,4,M
Uri,4,M
Whitman,6,M
Woods,29,M
Asaiah,2,M
Quamir,33,M
Adhvik,2,M
Aizen,22,M
Cyncere,19,M
Daxtyn,5,M
Jiovanni,9,M
Azion,22,M
Izrael,23,M
Jahking,7,M
Layke,3,M
Loki,18,M
Lux,18,M
Maeson,21,M
Namir,16,M
Nysir,16,M
Oaklan,33,M
Reef,15,M
Tennyson,27,M
Pretto,33,F
Anniebell,10,F
Deanie,5,F
Sunnie,8,F
Hannie,23,F
Walline,6,F
Almeter,2,F
Eller,20,F
Genever,14,F
Rosina,8,F
Eather,5,F
Clorine,19,F
Orena,17,F
Perline,33,F
Caro,12,F
Everlina,24,F
Rubena,8,F
Wilhemena,6,F
Asalee,2,F
Glenora,14,F
Parniece,33,F
Hermine,23,F
Mozter,16,F
Narvis,16,F
Pearlee,33,F
Rozena,8,F
Trannie,27,F
Hermenia,14,F
Marvie,16,F
Arthuree,2,F
Rovena,8,F
Joeann,11,F
Lougenia,28,F
Richardean,1,F
Gwynne,23,F
Caretha,19,F
Rebacca,1,F
Percilla,33,F
Salley,8,F
Sherril,27,F
Diannie,5,F
Verlinda,6,F
Eyvonne,24,F
Jacquelina,9,F
Thersa,30,F
Toinette,27,F
Dayatra,24,F
Katena,7,F
Lasonia,28,F
Lakishia,28,F
Tora,30,F
Charo,13,F
Temeika,27,F
Quintella,1,F
Letoya,21,F
Audreanna,10,F
Shakena,27,F
Jasamine,9,F
Shaneque,1,F
Francheska,14,F
Shavonna,1,F
Nicollette,28,F
Shakeema,1,F
Laquasia,28,F
Shavonte,1,F
Kadija,7,F
Caitlan,19,F
Ladasha,28,F
Diamon,5,F
Davia,20,F
Dynasia,24,F
Iyona,11,F
Alaisha,2,F
Tanyiah,27,F
Talaysia,27,F
Jnya,32,F
Santasia,1,F
Malaysha,28,F
Dynasti,24,F
Tylashia,27,F
Ellory,24,F
Javeah,7,F
Mckinleigh,28,F
Clemson,19,M
Moultrie,28,M
Hasker,23,M
Cleven,13,M
Allard,2,M
Ingram,23,M
Namon,16,M
Simpson,27,M
Tallie,4,M
Ebbie,20,M
Erskin,5,M
Hovie,0,M
Aiken,22,M
Jenkins,7,M
Stclair,27,M
Wister,6,M
Dargan,5,M
Seymour,27,M
Wilmot,6,M
Prue,17,M
Burris,13,M
Stjulian,1,M
Durant,5,M
Burnet,13,M
Pinckney,33,M
Mcarther,28,M
Brunson,19,M
Mackey,21,M
Saintclair,1,M
Johnell,7,M
Roddey,8,M
Skipper,27,M
Del,12,M
Demetrick,10,M
Tyris,4,M
Antrone,2,M
Damiano,24,M
Roshawn,1,M
Derell,5,M
Rishawn,1,M
Jarid,34,M
Tyski,4,M
Lakeem,21,M
Shaquelle,1,M
Trimayne,27,M
Raheen,8,M
Dequarius,10,M
Montell,28,M
Ikeem,34,M
Shykeem,27,M
Davontay,24,M
Diamonte,24,M
Tiquan,4,M
Sequan,8,M
Dreshawn,24,M
Jamareon,9,M
Nygel,16,M
Traevon,27,M
Zayveon,25,M
Corinthian,10,M
Bralen,13,M
Rutledge,1,M
Kayvion,7,M
Kayceon,7,M
Princeston,33,M
Auda,22,F
Eda,20,F
Beauton,19,F
Margueritte,28,F
Cliffie,19,F
Rozelle,1,F
Lockie,21,F
Dola,20,F
Roena,8,F
Graple,23,F
Lorell,21,F
Vercie,29,F
Ople,17,F
Macel,16,F
Etter,20,F
Vadie,29,F
Clatie,13,F
Inetha,23,F
Ladye,3,F
Modena,16,F
Oneta,17,F
Tharon,30,F
Helon,23,F
Madolyn,28,F
Clata,13,F
Bunia,31,F
Mcneva,16,F
Delcia,5,F
Neoma,16,F
Brooxie,19,F
Fleeta,14,F
Gerldine,14,F
Pattye,17,F
Robbye,8,F
Claudean,19,F
Elsia,20,F
Monette,28,F
Peggye,17,F
Jerlean,7,F
Lonna,3,F
Annita,2,F
Sherrian,1,F
Carloyn,19,F
Babette,19,F
Shearon,27,F
Jeanni,7,F
Nadolyn,28,F
Kimala,7,F
Kimmie,11,F
Coletta,19,F
Penne,17,F
Celisa,13,F
Dwana,20,F
Dewanna,24,F
Mylinda,28,F
Risa,15,F
Karren,7,F
Sonjia,8,F
Stacye,8,F
Teresea,27,F
Terena,27,F
Marcey,16,F
Daina,20,F
Tekela,27,F
Treena,30,F
Sonda,30,F
Shuntel,27,F
Tomara,27,F
Trevia,30,F
Kimbra,7,F
Lacretia,28,F
Tenille,27,F
Lanika,21,F
Shauntel,1,F
Starlett,1,F
Kassy,3,F
Shericka,1,F
Jerrika,7,F
Karita,7,F
Deeanna,24,F
Donesha,24,F
Janeka,7,F
Kirsty,7,F
Maigan,16,F
Sharae,8,F
Laterrica,9,F
Fancy,20,F
Talor,30,F
Atlanta,2,F
Darneisha,10,F
Shelbey,27,F
Laterica,28,F
Carlesha,10,F
Shyan,30,F
Starkeisha,1,F
Jameela,7,F
Keleigh,7,F
Marisha,28,F
Maryssa,28,F
Rodnesha,1,F
Catlyn,13,F
Kenedy,7,F
Mahaley,28,F
Manar,16,F
Mykenzie,28,F
Haylea,23,F
Juliann,7,F
Karman,7,F
Heavenlee,14,F
Reghan,8,F
Tierany,27,F
Sarahgrace,1,F
Breunna,19,F
Adisyn,2,F
Josilyn,7,F
Reniya,8,F
Calee,12,F
Shayleigh,1,F
Nakyla,16,F
Ryanna,8,F
Anyiah,2,F
Bayli,31,F
Graycie,14,F
Akiyah,2,F
Amera,31,F
Brilynn,19,F
Avaree,2,F
Loralye,28,F
Tynleigh,27,F
Jonier,7,F
Adysen,2,F
Avyanna,2,F
Braylie,19,F
Ellena,24,F
Aissata,2,F
Anastyn,2,F
Snow,15,F
Elliemae,24,F
Kambri,7,F
Kaybree,7,F
Mayzie,16,F
Niylah,16,F
Payslee,33,F
Mckenleigh,28,F
Azlyn,31,F
Khalessi,9,F
Avree,31,F
Dim,12,F
Paislynn,33,F
Windsor,6,F
Wrigley,6,F
Tennessee,27,F
Laiklyn,28,F
Loralai,28,F
Acelyn,2,F
Kamri,3,F
Whitlee,6,F
Jermani,7,F
Anzlee,31,F
Dearia,5,F
Everlynn,24,F
Haelynn,23,F
Flournoy,14,M
Burch,12,M
Thales,4,M
Minnis,21,M
Shields,27,M
Garlin,23,M
Lonas,3,M
Easley,5,M
Polk,17,M
Pryor,17,M
Swan,15,M
Ephriam,24,M
Charls,13,M
Hodge,0,M
Clois,12,M
Lowry,3,M
Marshel,28,M
Paschal,33,M
Eulas,20,M
Roe,15,M
Fowler,14,M
Osco,17,M
Billey,13,M
Odes,17,M
Rual,15,M
Doyce,5,M
Raybon,8,M
Bobie,12,M
Laddie,21,M
Vick,29,M
Tandy,4,M
Gill,0,M
Vincient,6,M
Keno,18,M
Erico,20,M
Cordney,19,M
Lakeith,21,M
Mareco,21,M
Laquinton,9,M
Christohper,10,M
Geoffery,14,M
Jarron,7,M
Cardarius,10,M
Kipp,18,M
Tavish,4,M
Tevan,4,M
Rashun,8,M
Kalab,34,M
Kalon,34,M
Anterrio,10,M
Keylon,7,M
Marquarius,28,M
Montarius,28,M
Cordarrius,10,M
Lucus,3,M
Martavis,28,M
Zebadiah,25,M
Kile,18,M
Jaelon,7,M
Monterrio,28,M
Marshun,28,M
Garet,0,M
Rondarius,1,M
Tayshun,27,M
Andersen,10,M
Taveon,4,M
Keveon,7,M
Lofton,21,M
Demarrion,10,M
Jacorian,9,M
Keyvon,7,M
Labron,21,M
Breck,12,M
Shenouda,1,M
Caston,13,M
Conan,13,M
Jaykob,7,M
Philopateer,1,M
Bray,12,M
Geremiah,14,M
Zaylan,25,M
Lajuan,21,M
Meyer,16,M
Hutton,23,M
Brexton,19,M
Kal,18,M
Kenai,34,M
Zaylon,25,M
Rayland,1,M
Fitz,0,M
Braycen,19,M
Slate,4,M
Zaelyn,25,M
Dansby,5,M
Aeson,22,M
Gryffin,14,M
Crews,12,M
Fenix,0,M
Jorah,34,M
Krue,18,M
Marius,21,M
Rafe,15,M
Luvinia,28,F
Glenice,14,F
Lakie,3,F
Ferne,0,F
Vermont,6,F
Kathleene,9,F
Leronia,28,F
Louvinia,28,F
Lorrine,28,F
Roseann,1,F
Ernell,5,F
Cathern,19,F
Melodye,28,F
Raye,15,F
Donice,5,F
Valrie,29,F
Alvita,2,F
Dorine,5,F
Arnette,2,F
Vernette,6,F
Sherl,30,F
Barrie,13,F
Liesl,3,F
Lorretta,28,F
Lynell,21,F
Donnetta,24,F
Terina,27,F
Taunya,30,F
Alvina,2,F
Genea,0,F
Azure,31,F
Camesha,19,F
Latishia,28,F
Genese,23,F
Kennesha,9,F
Kylene,7,F
Tinesha,27,F
Jenise,7,F
Shamica,27,F
Rachele,1,F
Cherice,19,F
Ladawn,21,F
Jenee,11,F
Rashell,1,F
Lashell,28,F
Channel,19,F
Kaylene,7,F
Lasha,3,F
Shenae,8,F
Shatia,8,F
Shalisa,27,F
Desirea,24,F
Roneisha,1,F
Anesha,2,F
Jazzmen,7,F
Tabytha,27,F
Ronnisha,1,F
Idalia,23,F
Janiqua,7,F
Kaitlynne,9,F
Keshawna,9,F
Nhi,26,F
Donnisha,24,F
Raeann,8,F
Tayah,30,F
Maiah,16,F
Ndea,26,F
Reema,8,F
Semiyah,27,F
Taijah,30,F
Selin,30,F
Cyan,12,F
Deshawna,24,F
Sha,15,F
Xavia,29,F
Jazmen,7,F
Jasia,11,F
Nadira,16,F
Heavyn,23,F
Indira,23,F
Tkai,30,F
Mahum,16,F
Huda,0,F
Swetha,8,F
Gracia,23,F
Katharina,9,F
Meron,16,F
Stefania,1,F
Tynasia,27,F
Uma,30,F
Christyn,19,F
Eesha,20,F
Henna,23,F
Neena,16,F
Darlyn,5,F
Jahaira,7,F
Mahika,16,F
Arushi,2,F
Caterina,10,F
Ianna,11,F
Nevaeha,28,F
Nura,26,F
Yanira,25,F
Sumayah,27,F
Arisha,2,F
Kezia,3,F
Anvitha,2,F
Haneen,23,F
Katheryne,9,F
Meira,16,F
Minna,16,F
Sanyah,8,F
Akshaya,2,F
Amirrah,2,F
Myangel,28,F
Nandini,28,F
Aishwarya,10,F
Abena,31,F
Aoife,31,F
Avni,22,F
Caylyn,13,F
Delainey,24,F
Maniyah,28,F
Sarayu,8,F
Talea,30,F
Aislin,2,F
Miyana,16,F
Aleeya,2,F
Azariya,2,F
Josseline,9,F
Mycah,16,F
Naliyah,28,F
Nika,26,F
Shamyah,27,F
Keerthi,7,F
Laiba,3,F
Minnah,16,F
Pia,17,F
Sakina,8,F
Samayah,27,F
Scarleth,1,F
Nishka,16,F
Adelie,2,F
Kaely,3,F
Madilynne,28,F
Minha,16,F
Vaishnavi,6,F
Inayah,23,F
Aislyn,2,F
Christabel,10,F
Cosette,19,F
Dunya,20,F
Melanny,28,F
Rosslyn,1,F
Sora,15,F
Keisy,3,F
Elif,20,F
Bahar,31,F
Heela,23,F
Meara,16,F
Safaa,30,F
Emnet,20,F
Tsion,30,F
Haya,0,F
Joud,32,F
Lujain,21,F
Mariamawit,28,F
Meryem,16,F
Zeina,25,F
Noura,16,F
Areej,31,F
Aseel,31,F
Hadia,23,F
Harleen,23,F
Haset,23,F
Parisa,33,F
Ridhi,8,F
Taleen,30,F
Bayan,31,F
Eleana,24,F
Ishika,23,F
Jessia,7,F
Kailany,7,F
Eira,20,F
Aayat,31,F
Alara,31,F
Atlee,31,F
Aylen,31,F
Hasset,23,F
Joie,32,F
Madisson,28,F
Mahsa,16,F
Mishka,16,F
Shanvi,8,F
Harman,23,M
Moir,26,M
Alpheus,2,M
Calvert,19,M
Hensel,23,M
Detroit,5,M
Melville,28,M
Overton,33,M
Elridge,24,M
Wellington,6,M
Armistead,10,M
Herley,23,M
Burwell,19,M
Rosser,8,M
Saford,8,M
Vaden,29,M
Carleton,10,M
Cornel,13,M
Hubbard,23,M
Franz,0,M
Skip,15,M
Wayde,29,M
Lydell,21,M
Kraig,11,M
Selwyn,8,M
Darel,5,M
Robb,15,M
Ronell,8,M
Jamaine,7,M
Duron,5,M
Antwoine,2,M
Kennard,7,M
Daivd,5,M
Lamarr,21,M
Devonne,5,M
Delvon,5,M
Brehon,13,M
Delonta,24,M
Quamane,33,M
Derrike,5,M
Travonte,27,M
Dvonte,5,M
Jodeci,7,M
Tuan,4,M
Dmonte,5,M
Domonic,24,M
Jaquante,9,M
Khoa,18,M
Trung,4,M
Markeese,28,M
Osama,17,M
Minh,26,M
Shyhiem,27,M
Tyquon,4,M
Waleed,6,M
Treyshawn,27,M
An,22,M
Damonta,24,M
Diontae,5,M
Walid,29,M
Da,12,M
Japheth,7,M
Samer,4,M
Daeshawn,24,M
Fahim,0,M
Jabin,34,M
Alhaji,2,M
Eugenio,24,M
Tyjuan,4,M
Kunal,34,M
Nabil,16,M
Quavon,33,M
Tevion,4,M
Johntae,7,M
Talik,4,M
Humza,23,M
Mateen,21,M
Tayveon,27,M
Yuvraj,25,M
Amr,22,M
Daeshaun,24,M
Nashaun,28,M
Piero,17,M
Vishal,6,M
Amilcar,2,M
Dagan,5,M
Naren,16,M
Arun,22,M
Azavion,2,M
Padraig,33,M
Rahiem,8,M
Shaheer,27,M
Tajon,4,M
Aeden,22,M
Daevion,5,M
Dareon,5,M
Elijiah,24,M
Jevonte,7,M
Kameren,7,M
Zacharia,25,M
Soham,4,M
Fares,0,M
Daivon,5,M
Dayon,5,M
Geovany,14,M
Keshav,7,M
Keyondre,9,M
Alim,22,M
Mazen,16,M
Rithvik,1,M
Madhav,21,M
Yassine,25,M
Ziad,25,M
Mohamad,28,M
Arjan,22,M
Avin,22,M
Dagmawi,24,M
Ronav,8,M
Kirubel,7,M
Ibraheem,9,M
Kullen,7,M
Saharsh,27,M
Aleksandr,10,M
Deaglan,5,M
Edris,20,M
Shayaan,27,M
Aarnav,2,M
Abenezer,10,M
Ram,15,M
Christiano,10,M
Ciaran,13,M
Gryphon,14,M
Irfan,34,M
Yassin,25,M
Thane,4,M
Aarin,22,M
Agastya,2,M
Ayrton,2,M
Emre,20,M
Fintan,14,M
Kenner,7,M
Lakhi,3,M
Yamen,25,M
Zabdiel,25,M
Deen,12,M
Everhett,24,M
Mikail,21,M
Nirvaan,28,M
Stiles,8,M
Thor,4,M
Vihan,29,M
Waseem,6,M
Zayyan,25,M
Tamim,4,M
Akram,22,M
Ashar,22,M
Kaleo,34,M
Maaz,26,M
Avyukt,2,M
Jariel,7,M
Jeziel,7,M
Talha,4,M
Qasim,17,M
Avik,22,M
Dhruva,5,M
Fabrizio,14,M
Lyncoln,21,M
Nivaan,16,M
Tiago,4,M
Tyberius,27,M
Vedansh,6,M
Yafet,25,M
Ziggy,25,M
Azai,22,M
Ahad,22,M
Leul,18,M
Ozias,17,M
Andoni,2,M
Asaad,22,M
Cypress,19,M
Enoc,20,M
Gio,0,M
Izhaan,23,M
Klay,18,M
Usman,4,M
